Table,IsTableRepeat,IsItemRepeat,Id,Name,Desc
0,False,False,0,""" ""","""０１２３４５６７８９1011121314151617181920212223242526"""
0,False,False,1,"""搜查手冊""","""印有警察徽章的黑色皮革手冊，用於證明警察的身份。\n可以查詢搜查現況記錄，以及各種其他情報。"""
0,False,False,2,"""料理手冊""","""記錄料理食譜的手冊。\n只要有食材的話，隨時都可以製作料理。"""
0,False,False,3,"""釣魚手冊""","""記錄釣魚情報的手冊。"""
0,False,False,4,"""戰鬥手冊""","""記錄所遇敵人情報的手冊。"""
0,False,False,5,"""自治州地圖""","""克洛斯貝爾自治州的地圖。\n可以用來確認現在所處的位置。"""
0,False,False,6,"""克洛斯貝爾市地圖""","""網羅了克洛斯貝爾市的全體區域，為觀光客製作的地圖。\n是在市內散步時值得信賴的好幫手。"""
0,False,False,9,"""練習用武器""","""雖然攻擊力無法期待，但有總比沒有好。"""
0,False,True,0,,
0,False,True,0,,
0,False,False,10,"""戰術書・星""","""記載著強力組合技的謎之古代文書。\n艾莉和蘭迪可習得『暴動星雨』。"""
0,False,False,11,"""戰術書・月""","""記載著強力組合技的謎之古代文書。\n緹歐和艾莉可習得『酷寒煉獄』。"""
0,False,False,12,"""戰術書・太陽""","""記載著強力組合技的謎之古代文書。\n蘭迪和緹歐可習得『旋鉤風暴』。"""
0,False,False,50,"""新手竿""","""簡單易用的通用型釣竿，針對新手做了調整。\n有了它就可以在淡水區盡情享受釣魚的樂趣。"""
0,False,True,0,,
0,False,True,0,,
0,False,True,0,,
0,False,True,0,,
0,False,True,0,,
0,False,True,0,,
0,False,True,0,,
0,False,True,0,,
0,False,True,0,,
0,False,True,0,,
0,False,True,0,,
0,False,True,0,,
0,False,True,0,,
0,False,True,0,,
0,False,True,0,,
0,False,True,0,,
0,False,True,0,,
0,False,True,0,,
0,False,True,0,,
0,False,True,0,,
0,False,True,0,,
0,False,True,0,,
0,False,True,0,,
0,False,True,0,,
0,False,True,0,,
0,False,True,0,,
0,False,True,0,,
0,False,True,0,,
0,False,True,0,,
0,False,True,0,,
0,False,True,0,,
0,False,True,0,,
0,False,True,0,,
0,False,True,0,,
0,False,True,0,,
0,False,True,0,,
0,False,True,0,,
0,False,False,51,"""羽毛釣竿""","""即使是小型魚類也不會漏掉的羽量級釣竿。\n是垂釣小型和中型魚類時的最佳選擇。"""
0,False,False,52,"""竹竿""","""在尖端直接捆綁魚線的簡潔型釣竿。\n也是可釣起大型魚類的可靠釣具。"""
0,False,False,53,"""剛竿海平線""","""搭配鮮活釣餌，獵捕大型魚類的專用釣竿。\n無論面對多麼巨大的魚，力量也不會輸給對手。"""
0,False,False,55,"""水中魔法師""","""奇蹟般的釣竿，擁有它的人將會變成水中的魔法師。\n即使是兇猛的肉食性魚類也可以當作釣餌。"""
0,False,True,0,,
0,False,False,60,"""銀胸針""","""【「中毒」無效化】\n　經過女神愛德斯的神聖之力淨化過的銀色胸針。"""
0,False,True,0,,
0,False,True,0,,
0,False,True,0,,
0,False,True,0,,
0,False,False,61,"""珊瑚戒指""","""【「封技」無效化】\n　使用了深海珍稀珊瑚的戒指。"""
0,False,False,62,"""大理石戒指""","""【「封魔」無效化】\n　華美艷麗的大理石戒指。"""
0,False,False,63,"""夜光眼鏡""","""【「黑暗」無效化】\n　發出淡淡光輝的半月形眼鏡。"""
0,False,False,64,"""涼爽項鍊""","""【「炎傷」無效化】\n　鑲上了水之耀晶石的涼爽首飾。"""
0,False,False,65,"""打火機""","""【「凍結」無效化】\n　登山者不可或缺的防寒物品。"""
0,False,False,66,"""幻彩圍巾""","""【「石化」無效化】\n　用閃耀著七色光芒的神奇毛線編織的圍巾。"""
0,False,False,67,"""叮噹耳環""","""【「睡眠」無效化】\n　垂掛著小鈴鐺的耳環，可以在耳邊響起輕快的音色。"""
0,False,False,68,"""鋼手鐲""","""【「昏厥」無效化】\n　緊緊箍住手腕的鋼鐵製手鐲。"""
0,False,False,69,"""花之瓶""","""【「混亂」無效化】\n　香氛瓶式的護符，散發讓人安心的香氣。"""
0,False,False,70,"""神聖之鏈""","""【「一擊造成的無法戰鬥」無效化】\n　傾注了神聖祈禱於其中的金色鎖鏈。"""
0,False,False,71,"""雲之使者""","""【「封技・封魔」無效化】\n　從東方傳來的寶具，蘊藏著破除封印的力量。"""
0,False,False,72,"""月亮墜飾""","""【「中毒・黑暗・炎傷」無效化】\n　刻有月亮的花紋，像是鐘擺的裝飾品。"""
0,False,False,73,"""太陽墜飾""","""【「凍結・石化」無效化】\n　刻有太陽的花紋，像是鐘擺的裝飾品。"""
0,False,False,74,"""星之墜飾""","""【「昏厥・睡眠・混亂」無效化】\n　刻有星星的花紋，像是鐘擺的裝飾品。"""
0,False,False,75,"""長鎗管""","""【RNG+1】\n　能延長導力槍射擊範圍的配件。"""
0,False,False,76,"""英勇紋章""","""【STR+5 「封技」無效化】\n　刻有警徽圖紋的紋章，佩帶之後就會充滿勇氣。"""
0,False,False,77,"""精神徽章""","""【DEF+15 「昏厥」無效化】\n　表彰搜查官功績的紋章，佩帶之後就會充滿幹勁。"""
0,False,False,78,"""正義硬幣""","""【命中率+10％ 「一擊造成的無法戰鬥」無效化】\n　象徵正義的硬幣，握在手中就能使意志堅定無比。"""
0,False,False,79,"""必勝頭巾""","""【CP增加率提昇】\n　能讓人下定決心的頭巾，使戰鬥中的CP增加率提昇。"""
0,False,False,80,"""鬥魂皮帶""","""【戰鬥中CP自動上昇】\n　能讓人鼓起幹勁的皮帶，戰鬥中CP將會自然上昇。"""
0,False,False,81,"""星杯掛墜""","""【「所有異常狀態」無效化（除無法戰鬥外）】\n　以傳承於七耀教會的《古代遺物》為藍本製成的飾品。"""
0,False,False,82,"""銀之鏈""","""【DEF+5 「中毒」無效化】\n　經過女神愛德斯的神聖之力淨化過的銀色鎖鏈。"""
0,False,False,83,"""貓咪之尾""","""【MOV+2】\n　貓尾型的飾品，佩帶之後可以輕快敏捷地活動㈱"""
0,False,False,84,"""貓耳頭飾""","""【迴避率+10％】\n　貓耳型的頭飾，戴上之後可以靈活地動來動去㈱"""
0,False,False,85,"""替身傀儡""","""【防止陷入「無法戰鬥」１次】\n　能防止陷入無法戰鬥的狀態，但使用一次後便會損壞。"""
0,False,False,86,"""寂靜之藍""","""【ATS+25 SPD+5 「中毒・黑暗・炎傷」無效化】\n　以高純度的蒼耀石加工製成，擁有寧靜碧藍光輝的寶石。"""
0,False,False,87,"""激情之紅""","""【STR+25 SPD+5 「凍結・石化」無效化】\n　以高純度的紅耀石加工製成，擁有鮮豔赤紅光輝的寶石。"""
0,False,False,88,"""常青之綠""","""【命中率+10％ 迴避率+10％ SPD+5 「昏厥・睡眠・混亂」無效化】\n　以高純度的翠耀石加工製成，擁有恆久翠綠光輝的寶石。"""
0,False,False,89,"""深邃之黃""","""【DEF+25 ADF+25 SPD+10 「封技・封魔」無效化】\n　以高純度的琥耀石加工製成，擁有深邃琥珀光輝的寶石。"""
0,False,False,90,"""草帽""","""【SPD+5】\n　用稻草編織的純手工帽子，非常輕盈。"""
0,False,False,91,"""安全頭盔""","""【DEF+5】\n　印有安全標記的頭盔，十分堅固。"""
0,False,False,92,"""抗菌口罩""","""【DEF+3 「中毒」無效化】\n　使用帶有抗菌效果的布料製成的醫療用口罩。"""
0,False,False,93,"""咪西玩偶""","""【DEF+2 MOV+1】\n　米修拉姆遊憩區的吉祥物『咪西』的玩偶。"""
0,False,False,94,"""貓咪存錢筒""","""【ADF+3】\n　貓咪模樣的存錢筒，表面打磨得很有光澤。"""
0,False,False,95,"""青蛙存錢筒""","""【ADF+5】\n　青蛙模樣的存錢筒，表面打磨得很有光澤。"""
0,False,False,96,"""釣聖紋章""","""【命中率+50％】\n　只有釣到傳說中的魚王的最強釣師才會被授予的榮譽徽章。"""
0,False,False,97,"""神聖掛墜""","""【DEF+5 ADF+5 「一擊造成的無法戰鬥」無效化】\n　使用《法術》進行過祝福，可以守護佩帶者的掛墜。"""
0,False,False,98,"""小滴的胸針""","""【MOV+2 SPD+5 道具取得率+20％】\n　小滴真心誠意親手製作的胸針。"""
0,False,False,99,"""五彩風車""","""【迴避率+5％】\n　從東方傳來的玩具，被風一吹就會呼嚕呼嚕地轉動。"""
1,False,False,100,"""ＨＰ１""","""　MAXHP+5％"""
1,False,False,101,"""ＨＰ２""","""　MAXHP+10％"""
1,False,False,102,"""ＨＰ３""","""　MAXHP+15％"""
1,False,False,103,"""ＥＰ１""","""　MAXEP+5％"""
1,False,False,104,"""ＥＰ２""","""　MAXEP+10％"""
1,False,False,105,"""ＥＰ３""","""　MAXEP+15％"""
1,False,False,106,"""攻擊１""","""　STR+3％ DEF-1％"""
1,False,False,107,"""攻擊２""","""　STR+6％ DEF-2％"""
1,False,False,108,"""攻擊３""","""　STR+9％ DEF-3％"""
1,False,False,109,"""防禦１""","""　DEF+3％ STR-1％"""
1,False,False,110,"""防禦２""","""　DEF+6％ STR-2％"""
1,False,False,111,"""防禦３""","""　DEF+9％ STR-3％"""
1,False,False,112,"""精神１""","""　ATS+3％ ADF-1％"""
1,False,False,113,"""精神２""","""　ATS+6％ ADF-2％"""
1,False,False,114,"""精神３""","""　ATS+9％ ADF-3％"""
1,False,False,115,"""魔防１""","""　ADF+3％ ATS-1％"""
1,False,False,116,"""魔防２""","""　ADF+6％ ATS-2％"""
1,False,False,117,"""魔防３""","""　ADF+9％ ATS-3％"""
1,False,False,118,"""命中１""","""　命中率+10％"""
1,False,False,119,"""命中２""","""　命中率+20％"""
1,False,False,120,"""命中３""","""　命中率+30％"""
1,False,False,121,"""迴避１""","""　迴避率+5％"""
1,False,False,122,"""迴避２""","""　迴避率+10％"""
1,False,False,123,"""迴避３""","""　迴避率+15％"""
1,False,False,124,"""移動１""","""　MOV+1"""
1,False,False,125,"""移動２""","""　MOV+2"""
1,False,False,126,"""移動３""","""　MOV+3"""
1,False,False,127,"""行動力１""","""　SPD+10％"""
1,False,False,128,"""行動力２""","""　SPD+20％"""
1,False,False,129,"""行動力３""","""　SPD+30％"""
1,False,False,130,"""妨礙１""","""　10%機率解除敵人正在驅動中的戰技與魔法。"""
1,False,False,131,"""妨礙２""","""　20%機率解除敵人正在驅動中的戰技與魔法。"""
1,False,False,132,"""妨礙３""","""　30%機率解除敵人正在驅動中的戰技與魔法。"""
1,False,False,133,"""省ＥＰ１""","""　消耗EP-5%"""
1,False,False,134,"""省ＥＰ２""","""　消耗EP-10%"""
1,False,False,135,"""省ＥＰ３""","""　消耗EP-15%"""
1,False,False,136,"""毒之刃""","""　10%機率讓敵人陷入「中毒」狀態。"""
1,False,False,137,"""石化之刃""","""　10%機率讓敵人陷入「石化」狀態。"""
1,False,False,138,"""封魔之刃""","""　10%機率讓敵人陷入「封魔」狀態。"""
1,False,False,139,"""凍結之刃""","""　10%機率讓敵人陷入「凍結」狀態。"""
1,False,False,140,"""封技之刃""","""　10%機率讓敵人陷入「封技」狀態。"""
1,False,False,141,"""炎傷之刃""","""　10%機率讓敵人陷入「炎傷」狀態。"""
1,False,False,142,"""黑暗之刃""","""　10%機率讓敵人陷入「黑暗」狀態。"""
1,False,False,143,"""睡眠之刃""","""　10%機率讓敵人陷入「睡眠」狀態。"""
1,False,False,144,"""混亂之刃""","""　10%機率讓敵人陷入「混亂」狀態。"""
1,False,False,145,"""耀脈""","""　敵人掉落的耀晶石各屬性都增加1～2個。"""
1,False,False,146,"""機功""","""　在原野逐漸回復EP。"""
1,False,False,147,"""白羊珠""","""　STR+6％ DEF+6％"""
1,False,False,148,"""魔羯珠""","""　道具的HP/EP回復量提昇為２倍。"""
1,False,False,149,"""治癒""","""　在原野逐漸回復HP。"""
1,False,False,150,"""真心""","""　製作出「大成功」料理的機率提昇。"""
1,False,False,151,"""巨蟹珠""","""　ATS+6％ ADF+6％"""
1,False,False,152,"""水瓶珠""","""　HP回復魔法效果提昇為1.5倍。"""
1,False,False,153,"""必殺""","""　暴擊率+10％"""
1,False,False,154,"""練氣""","""　在原野上每次攻擊敵人皆可使CP上昇。"""
1,False,False,155,"""天蠍珠""","""　暴擊率+20％ 「中毒」附加+20％"""
1,False,False,156,"""獅子珠""","""　擊殺敵人時，CP上昇10。"""
1,False,False,157,"""捉弄""","""　製作出「預想外」料理的機率提昇。"""
1,False,False,158,"""脫兔""","""　撤退成功率提昇50%。"""
1,False,False,159,"""虎威""","""　使原野上的敵人更容易逃跑。"""
1,False,False,160,"""異香""","""　在原野中變得更容易被敵人發現。（對整個隊伍有效）"""
1,False,False,161,"""射手珠""","""　迴避率+10％ MOV+6"""
1,False,False,162,"""處女珠""","""　全部異常狀態的持續時間都會降至１回合。"""
1,False,False,163,"""驅動""","""　魔法驅動時間降至３／４。"""
1,False,False,164,"""幸運""","""　敵人掉落道具的機率上昇30％。"""
1,False,False,165,"""雙魚珠""","""　對魔法攻擊也會有一定的迴避機率。"""
1,False,False,166,"""雙子珠""","""　魔法驅動時間降至１／２。"""
1,False,False,167,"""鷹眼""","""　敵人的位置會在迷你地圖中顯示。（對整個隊伍有效）"""
1,False,False,168,"""天眼""","""　同時具備鷹眼與情報的機能。"""
1,False,False,169,"""範圍""","""　魔法效果範圍＋１"""
1,False,False,170,"""金牛珠""","""　對敵人造成物理傷害時，自身HP可回復傷害值的25％。"""
1,False,False,171,"""日輪珠""","""　可吸收「地／水／火／風」屬性的魔法攻擊。"""
1,False,False,172,"""情報""","""　觀看尚未解析之敵人的詳細情報。"""
1,False,False,173,"""探知""","""　寶箱的位置會在迷你地圖中顯示。（對整個隊伍有效）"""
1,False,False,174,"""幻惑""","""　在原野上直接攻擊敵人後，目標的行動會變得遲鈍。"""
1,False,False,175,"""天秤珠""","""　對敵人造成魔法傷害時，自身EP可回復傷害值的１％。"""
1,False,False,176,"""月輪珠""","""　可吸收「時／空／幻」屬性的魔法攻擊。"""
1,False,False,178,"""物理反射""","""　怪物專用：反射物理傷害。"""
1,False,True,0,,
1,False,False,179,"""魔法反射""","""　怪物專用：反射魔法效果。"""
1,False,False,180,"""100毒之刃""","""　"""
1,False,False,181,"""100石化之刃""","""　"""
1,False,False,182,"""100封魔之刃""","""　"""
1,False,False,183,"""100凍結之刃""","""　"""
1,False,False,184,"""100封技之刃""","""　"""
1,False,False,185,"""100炎傷之刃""","""　"""
1,False,False,186,"""100黑暗之刃""","""　"""
1,False,False,187,"""100睡眠之刃""","""　"""
1,False,False,188,"""100混亂之刃""","""　"""
1,False,False,189,"""100即死之刃""","""　"""
2,False,False,300,"""魔獸獸肉""","""帶點腥味的獸肉。\n雖然肉質有些硬，但越嚼越有滋味。"""
2,False,False,301,"""魔獸魚肉""","""外觀及觸感都宛如肉品一般的魔獸魚肉。\n雖然嘗起來有些清淡，但口感卻相當彈牙有勁。"""
2,False,False,302,"""魔獸之殼""","""帶有滋養效果的魔獸甲殼。\n在東方，還會將其磨成粉末，用來製作藥材。"""
2,False,False,303,"""魔獸之蛋""","""帶有野生風味的魔獸之蛋。\n根據魔獸種類的不同，風味與大小也各有差異。"""
2,False,False,304,"""魔獸翅膀""","""透明的膜狀薄翅。\n主要當成香料使用。"""
2,False,False,305,"""魔獸種子""","""表面覆滿了細小尖刺的植物系魔獸種子。\n用平底鍋炒過後，搖身一變為美味的小點心。"""
2,False,False,306,"""魔獸明膠""","""無色無味的膠質。\n口感相當滑溜，宛如細微的泡沫一般。"""
2,False,False,308,"""純白白米""","""外觀晶瑩剔透的白米。\n簡直無可挑剔，適用於任何料理。"""
2,False,True,0,,
2,False,False,309,"""五彩味噌""","""傳自東方的調味料，用５種穀物發酵製成。\n營養十足，對身體十分有益。"""
2,False,False,310,"""灼熱火酒""","""老店釀造的古酒，在平民中也很受歡迎。\n口感辛辣，用於料理也很不錯。"""
2,False,False,311,"""皇家香葉""","""從以前就被當成調味料使用，與生活密不可分的樹葉。\n也能用在增添甜點的風味上。"""
2,False,False,312,"""新鮮香草""","""散發著清爽香氣的香草。\n可以用來消除肉類腥味或製成香草茶，用途相當廣泛。"""
2,False,False,313,"""黑胡椒""","""黑色的胡椒粒。\n肉類料理中不可或缺的辛香料。"""
2,False,False,314,"""紅辣椒""","""光看外表就覺得很辣的紅辣椒。\n大多會經過乾燥後再磨成粉使用。"""
2,False,False,315,"""香油""","""用芝麻榨成的食用油，香氣十足。\n很適合拿來做料理的最後調味。"""
2,False,False,316,"""蜂蜜糖漿""","""阿爾摩利卡村出產的瓶裝蜂蜜。\n濃郁而不膩的甜味為其特徵，可用來代替砂糖。"""
2,False,False,317,"""粗碎岩鹽""","""搗碎岩鹽製成的粗鹽。\n富含礦物質與深奧的滋味。"""
2,False,False,318,"""現磨小麥粉""","""最基本的食材。\n少了這項就沒辦法做通心粉和麵包了。"""
2,False,False,319,"""鮮奶""","""阿爾摩利卡村出產的新鮮牛奶。\n口感潤滑、甘甜美味，營養也很豐富。"""
2,False,False,320,"""新鮮乳酪""","""以現擠鮮奶製成的新鮮乳酪。"""
2,False,False,321,"""新鮮的蛋""","""自由放養的母雞們剛生下來的新鮮雞蛋。\n料理不可或缺的基本食材之一。"""
2,False,False,322,"""熱情橘子""","""農夫們親手栽種的橘子。\n外表呈現宛如太陽般的亮橘色。"""
2,False,False,323,"""成熟蘋果""","""耐心栽培至完全熟透才採收的紅蘋果。\n果心甘甜如蜜。"""
2,False,False,324,"""七彩豆""","""在不同的料理方法下可以烹飪出七種風味的新鮮豆子。\n但只要稍一加熱，味道就會產生變化，很難掌握。"""
2,False,False,325,"""國王馬鈴薯""","""回味無窮的大型馬鈴薯。\n不耐心多煮一會兒的話就無法熟透，一定要注意。"""
2,False,False,326,"""痛哭洋蔥""","""只要一下刀，就會產生刺激物質的洋蔥。\n不習慣的人當場就會淚流不止。"""
2,False,False,327,"""晴天胡蘿蔔""","""在陽光的照耀下茁壯成長，色澤鮮豔的胡蘿蔔。\n廣受好評，連討厭胡蘿蔔的人也都可以接受。"""
2,False,False,328,"""苦番茄""","""原產於利貝爾王國的新種番茄。\n苦澀味道的刺激程度超乎想像。"""
2,False,False,329,"""霜降腰肉""","""佈滿了適度油花的夢幻肉品。\n無論是做成燉肉或是肉排等各式料理都十分美味。"""
2,False,False,330,"""鮮彈白肉""","""白肉魚的新鮮魚肉。\n大多經烹調後食用，但若足夠新鮮也可生食。"""
2,False,False,350,"""雪花蟹""","""【做為釣餌使用：○】\n　外觀如雪一般白皙的小蟹類，用作釣餌也許可以釣到稀有的傢伙。"""
2,False,True,0,,
2,False,True,0,,
2,False,True,0,,
2,False,True,0,,
2,False,True,0,,
2,False,True,0,,
2,False,True,0,,
2,False,True,0,,
2,False,True,0,,
2,False,True,0,,
2,False,True,0,,
2,False,True,0,,
2,False,True,0,,
2,False,True,0,,
2,False,True,0,,
2,False,True,0,,
2,False,True,0,,
2,False,True,0,,
2,False,True,0,,
2,False,False,351,"""阿爾摩利卡鯽魚""","""【做為釣餌使用：×】\n　阿爾摩利卡地區經常釣到的小魚，特徵為通體碧綠。"""
2,False,False,352,"""澄河魚""","""【做為釣餌使用：×】\n　岩穴魚的亞種，有著橙色的美麗腹部。"""
2,False,False,353,"""岩穴魚""","""【做為釣餌使用：×】\n　藏身於岩石陰影的中型魚，戒心極重。"""
2,False,False,354,"""鯉魚""","""【做為釣餌使用：○】\n　有著強悍生命力的長壽魚種，平均壽命可達15～20年。"""
2,False,False,355,"""冷水魚""","""【做為釣餌使用：×】\n　喜歡冷水區域的中型魚，產卵後就會遷徙到海中。"""
2,False,False,356,"""藍帶神仙魚""","""【做為釣餌使用：×】\n　藍白對比非常醒目的小魚，是很受喜愛的觀賞魚。"""
2,False,False,357,"""銀傘魚""","""【做為釣餌使用：○】\n　有著銀白色魚鱗的小魚，在釣取大魚時是很貴重的活誘餌。"""
2,False,False,358,"""虹鱒魚""","""【做為釣餌使用：×】\n　身體側邊有著虹彩色帶紋的中型魚，喜歡耀晶石。"""
2,False,False,359,"""黑鮭""","""【做為釣餌使用：×】\n　不進行洄游的陸封型鮭魚，鋼色的結實體型為特徵。"""
2,False,False,360,"""鮭魚""","""【做為釣餌使用：×】\n　迎接產卵期便會逆流而上進行洄游的魚種。"""
2,False,False,361,"""鰻魚""","""【做為釣餌使用：×】\n　於東方做為能「強健補身」的魚種而受到重視。"""
2,False,False,362,"""珍珠草魚""","""【做為釣餌使用：×】\n　身體散發銀白光芒的大型淡水魚，個性溫馴。"""
2,False,False,363,"""大口鱸魚""","""【做為釣餌使用：×】\n　天性貪婪的肉食性魚類，進到嘴裡的東西什麼都會吞下去。"""
2,False,False,364,"""雲斑蛇頭""","""【做為釣餌使用：○】\n　絕不讓獵物逃跑的兇猛魚類，甚至連小鳥等動物都會捕食。"""
2,False,False,365,"""暗紋蛇魚""","""【做為釣餌使用：○】\n　像蛇一樣狡猾的肉食性魚類，會潛藏在水底狙擊獵物。"""
2,False,False,366,"""巨鯰""","""【做為釣餌使用：×】\n　生活在泥底的大型魚，能感覺到七耀脈的流動，從而預知地震。"""
2,False,False,367,"""巨血蟹""","""【做為釣餌使用：×】\n　擁有銳利雙鉗的巨大螃蟹，甲殼上透著淡淡的血紅色。"""
2,False,False,368,"""電鰻""","""【做為釣餌使用：×】\n　帶有發電器官的珍奇魚類，一定要十分小心觸電。"""
2,False,False,369,"""魔鬼巨鯰""","""【做為釣餌使用：×】\n　擁有漆黑身體的巨大魚類，平時一直藏身於泥底。"""
2,False,False,370,"""弧光蟹""","""【做為釣餌使用：×】\n　擁有閃耀著白色光輝的詭異甲殼，大型的雪花蟹。"""
2,False,False,371,"""金鮭""","""【做為釣餌使用：×】\n　鮭魚的亞種，身體因突變而變成金黃色的奇幻魚類。"""
2,False,False,372,"""錦鯉""","""【做為釣餌使用：×】\n　擁有朱紅色斑點的美麗魚類，據說躍過瀑布之後可以化身為龍。"""
2,False,False,373,"""霸王蛇魚""","""【做為釣餌使用：×】\n　連大型魚也可以吞食的水中暴君，被稱為《艾魯姆湖的魚王》。"""
2,False,False,390,"""鮭魚卵""","""鮮紅剔透的鮭魚卵。\n經常能用它釣到黑鮭、岩穴魚等魚類。"""
2,False,True,0,,
2,False,True,0,,
2,False,True,0,,
2,False,True,0,,
2,False,True,0,,
2,False,True,0,,
2,False,True,0,,
2,False,True,0,,
2,False,True,0,,
2,False,True,0,,
2,False,True,0,,
2,False,True,0,,
2,False,True,0,,
2,False,True,0,,
2,False,True,0,,
2,False,True,0,,
2,False,False,391,"""糰狀餌""","""用多種粉末揉製而成的糰子。\n適合用來釣阿爾摩利卡鯽魚、鯉魚等喜歡植物類釣餌的魚類。"""
2,False,False,392,"""紅蟲""","""成長之後會生出翅膀的紅色幼蟲。\n釣取銀傘魚、藍帶神仙魚等小型魚類時的最佳釣餌。"""
2,False,False,395,"""蚯蚓""","""棲息在土中的柔軟生物。\n雖然很多人厭惡牠的外型，但大部分的魚類卻很喜歡。"""
2,False,True,0,,
2,False,True,0,,
2,False,False,397,"""糰狀餌ＤＸ""","""《釣公師團》開發的特製釣餌。\n採用特殊配料，可以釣到很多種魚類。"""
2,False,True,0,,
2,False,False,400,"""霸王麵""","""【回復HP80％ STR+25％ DEF+25％】　　　　　\n　湯頭與麵條奇蹟般的完美搭配，當之無愧的帝王湯麵。"""
2,False,True,0,,
3,True,False,0,,
4,False,True,0,,
4,False,False,401,"""龍老湯麵""","""【回復HP80％ STR+10％ DEF+10％】　　　　　\n　蔬菜湯的味道厚重，在東方是很經典的麵類料理。"""
4,False,False,402,"""豪膽麵""","""【CP+10 「一定回合內回復HP」效果】　　　　　　　　\n　很有分量的湯麵，彈性十足的麵條和濃厚的湯頭讓人回味無窮。"""
4,False,False,403,"""藥膳麻婆《黃龍》""","""【回復HP100％ 解除「所有異常狀態」】　　　　\n　吃上一口就能讓人湧現出無限精力，極具滋養效果的麻婆豆腐。"""
4,False,False,404,"""藥膳麻婆豆腐""","""【回復HP40％ 解除「所有異常狀態」】　　　　\n　用東方很普及的食品「豆腐」炒製而成的麻辣料理。"""
4,False,False,405,"""激辣麻婆《朱雀》""","""【回復HP10％ 一定回合內回復CP】　　　　　　\n　辣到都已經很難算是料理的麻婆豆腐，可以促進新陳代謝。"""
4,False,False,406,"""白虎炒飯""","""【回復HP50％ 解除「封技・封魔」】　　　　　　\n　散發著淡淡油光的炒飯，粒粒皆美味。"""
4,False,False,407,"""猛虎炒飯""","""【回復HP30％ 解除「封技・封魔」】　　　　　　\n　火候絕妙的炒飯，經典的東方式米飯料理。"""
4,False,False,408,"""鍋巴炒飯""","""【回復HP10％ 解除「封技・封魔」】　　　　　　\n　火候有些沒掌握好的炒飯，但還算是好吃。"""
4,False,False,409,"""極品牛排《雅》""","""【回復HP50％ STR+50％】　　　　　　　　　　\n　僅僅輕含在嘴裡肉就要融化般的頂級牛排。"""
4,False,False,410,"""多汁牛排""","""【回復HP30％ STR+25％】　　　　　　　　　　\n　鮮嫩多汁、越嚼越覺得美味的牛排。"""
4,False,False,411,"""骰子牛排""","""【回復HP10％ MOV+5】　　　　　　　　　　　\n　切成四方形，很好入口的牛排。"""
4,False,False,412,"""極品燉牛肉《薰》""","""【回復HP50％ DEF+50％ 解除「凍結」】　　　　\n　將肉與蔬菜的美味合而為一，香氣十足的極致燉牛肉。"""
4,False,False,413,"""特製燉牛肉""","""【回復HP30％ DEF+25％ 解除「凍結」】　　　　\n　細心烹調的燉肉，擁有可以溫暖身心的美味。"""
4,False,False,414,"""清爽燉牛肉""","""【回復HP10％ SPD+25％】　　　　　　　　　　\n　已經燉成湯，幾乎撈不到食材的燉牛肉。"""
4,False,False,415,"""鐵人鍋《絢爛》""","""【回復HP50％ CP+80】　　　　　　　　　　　\n　凭借豐富烹飪經驗與料理直覺製成的極品豪華肉鍋。"""
4,False,False,416,"""雜燴大肉鍋""","""【回復HP40％ CP+40】　　　　　　　　　　　\n　使用多種肉類與山珍燒成的雜燴肉鍋。"""
4,False,False,417,"""暗鍋《勇氣》""","""【「CP+100」或「瀕死」】　　　　　　　　　\n　對或錯？真實埋藏在黑暗之中，有勇氣的人才敢品嘗。"""
4,False,False,418,"""賢人鍋《繚亂》""","""【回復HP60％ CP+60】　　　　　　　　　　　\n　凭借豐富的知識和縝密的計算，烹調而成的豪華魚肉鍋。"""
4,False,False,419,"""久煮燉魚鍋""","""【回復HP50％ CP+30】　　　　　　　　　　　\n　使用了多種海鮮，並將其美味徹底激發出來的魚肉鍋。"""
4,False,False,420,"""暗鍋《狂氣》""","""【「CP+200」或「CP0＆瀕死」】　　　　　　　\n　生或死？真實埋藏在黑暗之中，只有瘋狂的人才敢品嘗。"""
4,False,False,421,"""甦生炸魚排""","""【回復HP30％ 解除「無法戰鬥」】　　　　　　　\n　口感絕佳的魚排，咬下的瞬間魚肉就好像要順勢滑出。"""
4,False,False,422,"""酥脆炸魚排""","""【回復HP10％ 解除「無法戰鬥」】　　　　　　　\n　酥脆的外皮口感很好，吃起來很開心的魚排。"""
4,False,False,423,"""飛鏢魚""","""【攻擊：直線（貫穿） 30％無法戰鬥】　　　　　\n　經過反复料理後已失去原形，變成像箭矢般銳利的魚。"""
4,False,False,424,"""黃金蛋包飯《輝》""","""【回復HP50％ CP+20 解除「混亂」】　　　　　\n　美味的蛋包飯，半熟的雞蛋綻放著黃金般的光芒。"""
4,False,False,425,"""鄉村風味蛋包飯""","""【回復HP20％ CP+10 解除「混亂」】　　　　　\n　溫暖質樸，熟悉的口味讓人懷念的番茄蛋包飯。"""
4,False,False,426,"""炸彈蛋包飯""","""【攻擊：中圓 50％混亂】　　　　　　　　　　　\n　充滿刺激性的超強辛香料，扔出去就會像炸彈一樣爆炸。"""
4,False,False,427,"""黃金蛋拌麵《煌》""","""【回復HP50％ 解除「石化」】　　　　　　　　　\n　濃厚的醬汁如黃金般，閃耀著誘人光芒的奶油通心粉。"""
4,False,False,428,"""會心奶油通心粉""","""【回復HP20％ 解除「石化」】　　　　　　　　　\n　以乳酪和牛奶為基本原料製成醬汁，令人食慾大增的通心粉。"""
4,False,False,429,"""細針麵""","""【攻擊：中圓 50％石化】 　　　　　　　　　　　\n　磨得像針一樣又尖又銳利的麵條。"""
4,False,False,430,"""帝王漢堡""","""【回復HP40％ CP+95】　　　　　　　　　　　　\n　把苦番茄的苦味轉變成絕妙甘甜味道的頂級漢堡。"""
4,False,False,431,"""多彩番茄漢堡""","""【回復HP20％ CP+45】　　　　　　　　　　　　\n　很受歡迎的漢堡，利用番茄的酸味引出漢堡肉的香味。"""
4,False,False,432,"""堅硬漢堡""","""【回復HP10％ DEF+50％】　　　　　　　　　　\n　雖然口感較硬，卻可以讓食用者集中精神，繃緊身體的漢堡。"""
4,False,False,433,"""女王披薩""","""【回復HP70％ CP+50】　　　　　　　　　　　　\n　不僅味道足以令人上癮，外觀也相當豪華的高級奢侈披薩。"""
4,False,False,434,"""拉絲乳酪披薩""","""【回復HP50％ CP+25】　　　　　　　　　　　　\n　廣受好評的披薩，黏稠的乳酪可以拉成絲。"""
4,False,False,435,"""閃避披薩""","""【回復HP10％ 迴避率+50％】　　　　　　　　　\n　雖然餅皮較薄，但吃完之後能讓人感到放鬆的披薩。"""
4,False,False,436,"""出遊三明治《搭檔》""","""【回復HP30％ 解除「昏厥・中毒」】　　　　　　　\n　飢餓時的最佳夥伴，野餐的時候選它肯定沒錯。"""
4,False,False,437,"""喜悅火腿三明治""","""【回復HP20％ 解除「昏厥・中毒」】　　　　　　　\n　夾著火腿的三明治，一口咬下去會很有野餐的感覺。"""
4,False,False,438,"""奇妙三明治""","""【回復HP10％ ATS+50％】　　　　　　　　　　\n　雖然無法填飽肚子，卻可以提高集中力的三明治。"""
4,False,False,439,"""愛情凝縮飯盒《老媽》""","""【回復HP80％ 解除「所有異常狀態」】　　　　　\n　豐盛的便當，充滿了烹飪者的一片愛心。"""
4,False,False,440,"""真心午餐飯盒""","""【回復HP40％ 解除「所有異常狀態」】　　　　　\n　每道菜都是精心搭配，真心誠意製作的便當。"""
4,False,False,441,"""驚天惡作劇飯盒""","""【攻擊：中圓 100％隨機陷入異常狀態】　　　　　\n　充滿惡意的便當……究竟會飛出什麼非常讓人期待。"""
4,False,False,442,"""滿月濃湯""","""【回復HP60％ CP+20 解除「能力降低」】　　　　\n　如同在夜空中閃耀的滿月，可以將四周照亮的奶油濃湯。"""
4,False,False,443,"""香濃奶油湯""","""【回復HP40％ 解除「能力降低」】　　　　　　　\n　可以讓人徹底享受奶味的濃湯。"""
4,False,False,444,"""反射液體""","""【回復HP10％ 「魔法反彈」效果】　　　　　　　\n　可以反彈魔法的神奇液體，使用方法是當頭澆下。"""
4,False,False,445,"""新月濃湯""","""【回復HP60％ 解除「睡眠・混亂・昏厥」】　　　　　\n　如同在夜空中閃耀的蛾眉月，閃爍著寂靜光芒的洋蔥湯。"""
4,False,False,446,"""全熟洋蔥湯""","""【回復HP40％ 解除「睡眠・混亂・昏厥」】　　　　　\n　可以讓人徹底享受洋蔥味的濃湯。"""
4,False,False,447,"""強身液體""","""【回復HP10％ STR+25％ SPD+25％】　　　　　　\n　不可思議的液體，喝下後可以馬上激發超強的身體能力。"""
4,False,False,448,"""絕品甜點《白無垢》""","""【回復HP50％ ATS+25％ 命中率+25％】　　　　　\n　純白色的糕點，毫無雜質的甜美味道可以激發神經的活力。"""
4,False,False,449,"""香甜蛋糕""","""【回復HP30％ ATS+25％】　　　　　　　　　　　\n　吃上一口就能甜到心裡，使全身都感覺甜蜜蜜的白色蛋糕。"""
4,False,False,450,"""無心蛋糕""","""【回復HP10％ ATS+50％ 命中率+50％】　　　　　\n　食用後精神會無比專注，完全進入無心的境界。"""
4,False,False,451,"""絕品甜點《黃熟》""","""【回復HP40％ ADF+25％ 迴避率+25％】　　　　　\n　每一口都吃的到熟成美味的金黃色布丁。"""
4,False,False,452,"""自製雞蛋布丁""","""【回復HP20％ ADF+25％】　　　　　　　　　　　\n　有著似曾相識的懷念口感，能讓心情安定下來的卡士達布丁。"""
4,False,False,453,"""忍耐布丁""","""【回復HP10％ ADF+50％ 迴避率+50％】　　　　　\n　無比難吃的布丁，要全部吃光需要相當程度的忍耐力。"""
4,False,False,454,"""絕品甜點《雪花》""","""【回復HP40％ ATS+25％ ADF+25％ 解除「炎傷」】\n　從固態時的外型上難以想像，入口即化的美味冰淇淋。"""
4,False,False,455,"""雪花冰淇淋""","""【回復HP20％ ATS+10％ ADF+10％ 解除「炎傷」】\n　如雪花般潤滑細膩，口感清爽美味的牛奶冰淇淋。"""
4,False,False,456,"""金剛石固體""","""【回復HP10％ 「完全防禦物理攻擊」效果】　　　　\n　可將周圍衝擊完全吸收，使物理攻擊無效化的神奇物體。"""
4,False,False,457,"""絕品甜點《浮雲》""","""【回復HP20％ SPD+50％ MOV+5】　　　　　　　\n　入口即化、充滿吸引力的美味爆米花。"""
4,False,False,458,"""輕快爆米花""","""【回復HP10％ SPD+25％ MOV+2】　　　　　　　\n　口感鬆脆，連心情也會跟著變輕鬆，是很受歡迎的點心。"""
4,False,False,459,"""隱密爆米花""","""【回復HP10％ 「匿蹤」效果】　　　　　　　　\n　吃完後，身體會無法反射光線的神秘爆米花。"""
4,False,False,460,"""上選拿鐵 ""","""【回復HP40％ STR+20％ 解除「黑暗」】　　　　　\n　初嘗直擊味蕾且後勁強烈，頂級的香草拿鐵。"""
4,False,False,461,"""香草拿鐵""","""【回復HP30％ 解除「黑暗」】　　　　　　　　　　\n　濃縮了香草的精華，散發著醇厚芳香的飲品。"""
4,False,False,462,"""潔白液體""","""【回復HP20％ 回復EP20％ 解除「黑暗」】　　　　\n　散發著甜美芳香的乳白色液體，有導力溶於其中。"""
4,False,False,463,"""極致綜合果汁""","""【回復HP40％ ATS+50％】　　　　　　　　　　　\n　使用經過多重嚴格挑選的材料，精心製成的究極綜合果汁。"""
4,False,False,464,"""新鮮果汁""","""【回復HP20％ ATS+25％】　　　　　　　　　　　\n　使用大量新鮮果實製成的綜合果汁。"""
4,False,False,465,"""澄黃液體""","""【回復EP20％ CP+10】　　　　　　　　　　　　　\n　散發出來的味道能刺激食慾的黃色液體，有導力溶於其中。"""
4,False,False,466,"""夢魘殺手""","""【回復HP40％ 解除「睡眠・混亂・昏厥」】　　　　　\n　俗稱「惡夢殺手」，可以使人心情平靜的咖啡。"""
4,False,False,467,"""超濃咖啡""","""【回復HP20％ 解除「睡眠・混亂・昏厥」】　　　　　\n　散發著濃郁香氣，能讓人發現人生重要意義的香醇咖啡。"""
4,False,False,468,"""黑暗液體""","""【回復HP10％ 回復EP30％】　　　　　　　　　　\n　散發著鐵鏽般臭味的黑色液體，有導力溶於其中。"""
4,False,False,469,"""秘水≪月光蝶≫""","""【回復HP100％ 解除「無法戰鬥」】　　　　　　　\n　神秘的雞尾酒，能牢牢抓住飲用者的心。"""
4,False,False,470,"""閃亮之藍雞尾酒""","""【回復HP50％ 解除「無法戰鬥」】　　　　　　　　\n　看起來很清涼，卻有著熱情口感的藍色雞尾酒。"""
4,False,False,471,"""湛藍液體""","""【回復EP50％】　　　　　　　　　　　　　　　　\n　有導力溶於其中的藍色液體，可回復EP50％。"""
4,False,False,472,"""失敗作《鑑戒》""","""【CP+1】　　　　　　　　　　　　　　　　　　　\n　失敗為成功之母，就負起責任吃掉它吧。"""
4,False,False,473,"""貓飯""","""【回復HP1】　　　　　　　　　　　　　　　　　　\n　貓咪最喜歡的食物，但僅限於「野貓」。"""
5,False,False,500,"""回復藥""","""【回復HP500】\n　七耀教會調合的回復藥，回復HP500。"""
5,False,False,501,"""中回復藥""","""【回復HP2000】\n　七耀教會調合的回復藥，回復HP2000。"""
5,False,False,502,"""大回復藥""","""【回復HP5000】\n　七耀教會調合的回復藥，回復HP5000。"""
5,False,False,504,"""ＥＰ填充劑Ⅰ""","""【回復EP100】\n　裝填了導力的膠囊，回復EP100。"""
5,False,True,0,,
5,False,False,505,"""ＥＰ填充劑Ⅱ""","""【回復EP300】\n　裝填了導力的改良型膠囊，回復EP300。"""
5,False,False,507,"""復活藥""","""【解除「無法戰鬥」 回復HP500】\n　解除無法戰鬥狀態，並回復HP500的藥。"""
5,False,True,0,,
5,False,False,508,"""聖靈藥""","""【解除「無法戰鬥」 回復HP2000】\n　解除無法戰鬥狀態，並回復HP2000的藥。"""
5,False,False,510,"""還魂粉末""","""【解除「無法戰鬥」 完全回復HP CP+100】\n　解除無法戰鬥狀態、CP回復100，並完全回復HP的藥。"""
5,False,True,0,,
5,False,False,512,"""解毒藥""","""【解除「中毒」】\n　烏爾斯拉醫院調合的能中和毒素的藥。"""
5,False,True,0,,
5,False,False,513,"""軟化膏""","""【解除「石化」】\n　塗抹後能夠治癒石化部位的液體軟膏。"""
5,False,False,514,"""絕緣膠帶""","""【解除「封魔」】\n　用來解除導力器傳導障礙的緊急處理用膠帶。"""
5,False,False,515,"""解凍暖暖包""","""【解除「凍結」】\n　能從內到外溫暖凍僵了的身體的暖暖包。"""
5,False,False,516,"""鬆弛凝膠""","""【解除「封技」】\n　能消除手腳麻痺的膠狀液體。"""
5,False,False,517,"""冷卻噴霧""","""【解除「炎傷」】\n　噴上冰涼的粉末以急速冷卻燒傷的噴霧。"""
5,False,False,518,"""眼藥""","""【解除「黑暗」】\n　能夠治療突發性視覺障礙的藥水。"""
5,False,False,519,"""提神薄荷""","""【解除「睡眠」】\n　舔一舔便能消除所有睡意的薄荷味糖果。"""
5,False,False,520,"""甦醒藥""","""【解除「昏厥」】\n　能夠使人從失去意識的狀態恢復的七耀教會秘藥。"""
5,False,False,521,"""鎮靜劑""","""【解除「混亂」】\n　能夠使人從混亂的精神狀態恢復正常的七耀教會秘藥。"""
5,False,False,522,"""Ｓ-藥錠""","""【解除「能力降低」】\n　能使降低了的能力值恢復至正常值的藥錠。"""
5,False,False,523,"""痊癒之藥""","""【解除「所有異常狀態」】\n　能解除無法戰鬥以外所有異常狀態的藥。"""
5,False,False,525,"""煙霧彈""","""【撤退成功率100％】\n　讓撤退的成功率變為100％（部分戰鬥除外）。"""
5,False,True,0,,
5,False,False,526,"""戰鬥探測器""","""【情報解析】\n　能用來調查未解析敵人的情報。"""
5,False,False,528,"""特製核桃麵包""","""【回復HP1000】\n　奧斯卡的新作麵包，內含酥脆的核桃，口感絕佳。"""
5,False,True,0,,
5,False,False,529,"""柳橙醬貝果""","""【回復HP1500】\n　奧斯卡的新作麵包，能凸顯自製果醬的美味之處。"""
5,False,False,530,"""特製培根麵包卷""","""【回復HP2000】\n　奧斯卡的新作麵包，香酥的培根很有嚼勁。"""
5,False,False,531,"""三色果乾麵包""","""【回復HP2000】\n　奧斯卡的新作麵包，三種漿果的味道完美調和。"""
5,False,False,532,"""甜蜜牛奶麵包""","""【回復HP3000】\n　奧斯卡的新作麵包，咬下去就會流出蜂蜜。"""
5,False,False,533,"""黃金牛角麵包""","""【回復HP4000】\n　奧斯卡的新作麵包，閃耀著頂級的光輝。"""
5,False,False,534,"""貝奈特特製麵包""","""【回復HP2000 解除「所有異常狀態」】\n　貝奈特的新作麵包，配料豐富、分量十足。"""
5,False,False,536,"""罐裝果汁""","""【回復HP300 CP+5】\n　含有果汁的清涼飲料，可以大口飲用。"""
5,False,True,0,,
5,False,False,537,"""罐裝咖啡""","""【回復HP200 CP+10】\n　甜度適中的咖啡牛奶，疲勞時喝上一罐會很舒服。"""
6,False,False,700,"""克洛斯貝爾時報周刊①""","""０４年度第１號【都市計畫第五期計畫發表】\n　　第五期都市計畫發表　經濟的動向令人在意"""
6,False,False,701,"""克洛斯貝爾時報周刊②""","""０４年度第２號【特輯！　警備隊公開演習】\n　　警備隊的現在與未來　探聽傳聞中的新裝備"""
6,False,False,702,"""克洛斯貝爾時報周刊③""","""０４年度第３號【自治州創立紀念慶典即將到來！】\n　　下個月即將到來的７０周年創立紀念慶典特輯！"""
6,False,False,703,"""克洛斯貝爾時報周刊・號外""","""０４年度號外　【獨家报道！彩虹劇團預演】\n　　市長暗殺未遂！　發生在彩排公演後台的驚人事件！"""
6,False,False,704,"""克洛斯貝爾時報周刊④""","""０４年度第４號【創立紀念慶典開始！】\n　　歡聲鼓舞的克洛斯貝爾市　今年的看頭是！？"""
6,False,False,705,"""克洛斯貝爾時報周刊⑤""","""０４年度第５號【紀念慶典特別號！】\n　　傾盡全力為您报道慶典中的熱鬧場面！"""
6,False,False,706,"""克洛斯貝爾時報周刊⑥""","""０４年度第６號【ＩＢＣ中期決算發表】\n　　今年的總資產額也保持在全大陸首位！"""
6,False,False,707,"""克洛斯貝爾時報周刊⑦""","""０４年度第７號【預算會議與接下來的市長選舉】\n　　議會過程衝突不斷　市長選舉將於４個月後舉行"""
6,False,False,708,"""克洛斯貝爾時報周刊⑧""","""０４年度第８號【追蹤黑月貿易公司遭襲事件！】\n　　獨家專訪报道！追查事件的內幕！"""
6,False,False,710,"""黑市醫生葛蘭　第１卷""","""「第１回　黑市醫生」\n　在克洛斯貝爾自治州出版的大眾娛樂小說第１卷。"""
6,False,True,0,,
6,False,False,711,"""黑市醫生葛蘭　第２卷""","""「第２回　委託」\n　在克洛斯貝爾自治州出版的大眾娛樂小說第２卷。"""
6,False,False,712,"""黑市醫生葛蘭　第３卷""","""「第３回　患者」\n　在克洛斯貝爾自治州出版的大眾娛樂小說第３卷。"""
6,False,False,713,"""黑市醫生葛蘭　第４卷""","""「第４回　結晶病」\n　在克洛斯貝爾自治州出版的大眾娛樂小說第４卷。"""
6,False,False,714,"""黑市醫生葛蘭　第５卷""","""「第５回　魯法斯」\n　在克洛斯貝爾自治州出版的大眾娛樂小說第５卷。"""
6,False,False,715,"""黑市醫生葛蘭　第６卷""","""「第６回　卡塔莉娜」\n　在克洛斯貝爾自治州出版的大眾娛樂小說第６卷。"""
6,False,False,716,"""黑市醫生葛蘭　第７卷""","""「第７回　衝突」\n　在克洛斯貝爾自治州出版的大眾娛樂小說第７卷。"""
6,False,False,717,"""黑市醫生葛蘭　第８卷""","""「第８回　焦慮」\n　在克洛斯貝爾自治州出版的大眾娛樂小說第８卷。"""
6,False,False,718,"""黑市醫生葛蘭　第９卷""","""「第９回　雪麗」\n　在克洛斯貝爾自治州出版的大眾娛樂小說第９卷。"""
6,False,False,719,"""黑市醫生葛蘭　第10卷""","""「第10回　希望」\n　在克洛斯貝爾自治州出版的大眾娛樂小說第10卷。"""
6,False,False,720,"""黑市醫生葛蘭　第11卷""","""「第11回　覺悟」\n　在克洛斯貝爾自治州出版的大眾娛樂小說第11卷。"""
6,False,False,721,"""黑市醫生葛蘭　第12卷""","""「第12回　手術」\n　在克洛斯貝爾自治州出版的大眾娛樂小說第12卷。"""
6,False,False,722,"""黑市醫生葛蘭　第13卷""","""「第13回　祈禱」\n　在克洛斯貝爾自治州出版的大眾娛樂小說第13卷。"""
6,False,False,723,"""黑市醫生葛蘭　第14卷""","""「最終回　葛蘭」\n　在克洛斯貝爾自治州出版的大眾娛樂小說第14卷。"""
6,False,False,724,"""狼型魔獸事件調查書""","""警備隊針對狼型魔獸事件整理出來的調查報告書。"""
6,False,False,725,"""鐵路迷的私房行程""","""從克洛斯貝爾圖書館借出的圖書。\n鐵路愛好者專為鐵路愛好者所著，受鐵路愛好者喜愛的書籍。"""
6,False,False,726,"""瑪爾克與森林深處的魔女・上""","""從克洛斯貝爾圖書館借出的圖書。\n３本成套的上卷，中卷和下卷也預定發行。"""
6,False,False,727,"""改變大陸的美麗女性""","""從克洛斯貝爾圖書館借出的圖書。\n記錄著歷史上曾為大陸帶來重大影響的女性人物們。"""
6,False,False,728,"""５分鐘零碎時間的善用方法""","""從克洛斯貝爾圖書館借出的圖書。\n記載著有效利用時間的方法論。"""
6,False,False,729,"""克洛斯貝爾怪談全集""","""從克洛斯貝爾圖書館借出的圖書。\n集合了眾多確有其事（※筆者談）的奇聞怪談。"""
6,False,False,730,"""彩虹・劇迷紀念冊""","""從克洛斯貝爾圖書館借出的圖書。\n彩虹劇團的愛好者整理出版的非官方紀念冊。"""
6,False,False,731,"""許可車輛的車號清單""","""在紀念慶典中得到停車許可的車號一覽。\n沒有記載於此清單上的車輛須依法取締。"""
6,False,False,732,"""季刊・垂涎""","""★圖書館用★　不放入道具"""
6,False,False,733,"""瑪爾克與森林深處的魔女・中""","""★圖書館用★　不放入道具"""
6,False,False,734,"""瑪爾克與森林深處的魔女・下""","""★圖書館用★　不放入道具"""
6,False,False,735,"""聖女與白狼・上""","""★圖書館用★　不放入道具"""
6,False,False,736,"""聖女與白狼・下""","""★圖書館用★　不放入道具"""
7,True,False,0,,
8,False,False,800,"""ＩＢＣ認證卡片""","""可以用來啟動ＩＢＣ升降機的認證卡片。"""
8,False,False,801,"""地下區域Ａ的鑰匙""","""可以打開地下區域Ａ區塊大門的鑰匙。"""
8,False,False,802,"""地下區域Ｂ的鑰匙""","""可以打開地下區域Ｂ區塊大門的鑰匙。"""
8,False,False,803,"""魔獸受害調查報告書×未使用""","""×未使用"""
8,False,False,804,"""恐嚇信""","""寄給劇團《彩虹》，要求中止公演的書信。"""
8,False,False,805,"""銀色的卡片""","""記錄著《銀》的留言的小卡片。"""
8,False,False,806,"""約納的記錄結晶×未使用""","""×未使用"""
8,False,False,807,"""少年柯林的照片""","""哈羅德夫婦的兒子──少年柯林的３張照片。"""
8,False,False,808,"""玩偶""","""少年柯林一直隨身攜帶的《咪西》玩偶。"""
8,False,False,809,"""金色薔薇卡片""","""蕾恩送的《黑之拍賣會》邀請函。\n「今晚７點，將於米修拉姆遊憩區的哈爾特曼議長官邸召開」"""
8,False,False,810,"""平光眼鏡""","""從瓦奇手中取得的裝飾用眼鏡，沒有度數。"""
8,False,False,811,"""藍色藥錠""","""礦工岡茲持有的謎之藥錠。\n呈現鮮豔的藍色。"""
8,False,False,812,"""蒼耀石鑰匙""","""在魯巴徹商會的倉庫區域找到的鑰匙。"""
8,False,False,813,"""金色的台座""","""在魯巴徹商會的會客廳找到的台座。\n並非純金，而是鍍金的加工製品。"""
8,False,False,814,"""紅耀石鑰匙""","""在魯巴徹商會的武器庫區域找到的鑰匙。"""
8,False,False,815,"""寶箱鑰匙""","""藏在瑪律克尼會長房間中的鑰匙。"""
8,False,False,816,"""約納的記錄結晶""","""從約納手中取得的記錄結晶。\n存有魯巴徹商會和《黑之拍賣會》的情報。"""
8,False,False,817,"""《真知》的進貨清單""","""記載著《真知》進貨記錄的清單。"""
8,False,False,818,"""《真知》的出貨清單""","""記載著《真知》出貨記錄的清單。\n失蹤的市民們也記錄在清單上。"""
8,False,False,819,"""損傷的警察徽章""","""似乎是羅伊德的哥哥蓋・班寧斯遺留的徽章。\n表面上殘留著被利刃砍過的傷痕。"""
8,False,False,820,"""院區鑰匙""","""黑手黨成員藏在身上的院區鑰匙。"""
8,False,False,821,"""研究區認證卡片""","""在研究區發現的認證卡片。\n可以解除升降機的限制。"""
8,False,False,822,"""檸檬汁""","""冰鎮的檸檬汁。\n喝了之後就會精神十足。"""
8,False,False,823,"""男用錢包""","""特倫特掉在百貨公司的錢包。\n皮革製造，標準的黑色款式。"""
8,False,False,824,"""特產包裹""","""特倫特掉在露天商店的特產。"""
8,False,False,825,"""往共和國的車票""","""特倫特掉在港灣區的車票。\n沒有它，就不能回到共和國了。"""
8,False,False,826,"""私有地的鑰匙""","""向阿爾摩利卡村的特魯塔村長借來的鑰匙。\n有了它，就能進入位於阿爾摩利卡古道的私有地了。"""
8,False,False,827,"""導力相機""","""向克洛斯貝爾通訊社的記者格蕾絲借來的相機。\n高性能的專業型號。"""
8,False,False,828,"""伊美黛館的鑰匙""","""伊美黛夫人交付的舊鑰匙。\n有了它，就可以進入舊市街的公寓《伊美黛館》了。"""
8,False,False,829,"""皮埃爾副局長的手帕""","""皮埃爾副局長愛用的手帕。\n摺得十分整齊。"""
8,False,False,830,"""二級釣師資格證""","""頒發給擁有一定成績的優秀釣師的資格認定證明。"""
8,False,False,831,"""一級釣師資格證""","""頒發給擁有一定成績的實力派釣師的資格認定證明。\n有了它，就可以在《釣公師團》購買特殊釣餌了。"""
8,False,False,832,"""特級釣師資格證""","""無數釣師都憧憬不已的《特級釣師》認定證明。\n有了它，就可以在《釣公師團》購買所有釣餌了。"""
8,False,False,833,"""羽扇豆草""","""保管在克洛斯貝爾大教堂的寶貴藥草。"""
8,False,False,834,"""掛墜扣""","""從亞蘇拉主任手中取得的醫療設備零件。"""
8,False,False,835,"""皮繩""","""放置在烏爾斯拉醫院的進口雜貨之一。\n編織得相當結實。"""
8,False,False,836,"""緞帶""","""從護理師梅菲爾手中得到的藍色緞帶。\n可以用來裝飾禮品盒。"""
8,False,False,837,"""包裝盒""","""從米海爾手中得到的禮品用包裝盒。\n可以當作禮品包裝。"""
8,False,False,838,"""廢坑的鑰匙""","""向礦山鎮瑪因茲的比克森鎮長借來的鑰匙。\n有了它，就可以進入礦山深處的廢坑了。"""
8,False,False,839,"""伊莉雅家的鑰匙""","""可以打開伊莉雅家的備用鑰匙。\n伊莉雅的房間位於西側大道的公寓《雷森別墅》的頂樓。"""
8,False,False,840,"""違規停車取締套組""","""取締違規停車所使用的７種道具。\n警告貼紙一旦貼上，就很難再撕下來。"""
8,False,False,841,"""蕾瓦斯之花""","""在西克洛斯貝爾街道盛開的黃色鮮花。\n用黃、藍、白三色的花可以做成慰靈之花。"""
8,False,False,842,"""利奎姆之花""","""在瑪因茲山道盛開的藍色鮮花。\n用黃、藍、白三色的花可以做成慰靈之花。"""
8,False,False,843,"""菲奈爾之花""","""在東克洛斯貝爾街道盛開的白色鮮花。\n用黃、藍、白三色的花可以做成慰靈之花。"""
8,False,False,844,"""金戒指""","""在米修拉姆遊憩區的碼頭前撿到的戒指。\n看起來好像是純金打造的。"""
8,False,False,845,"""珍珠戒指""","""在米修拉姆遊憩區的主題樂園前撿到的戒指。\n鑲嵌著巨大的珍珠。"""
8,False,False,846,"""白金戒指""","""在米修拉姆遊憩區的餐廳撿到的戒指。\n反射出微弱的光芒。"""
8,False,False,847,"""訂婚戒指""","""雕刻著「托馬贈給阿爾維娜」字樣的銀耀石戒指。\n因為曾被魚吞下，所以有些腥臭。"""
8,False,False,848,"""導力車模型""","""鍍錫鐵製的精巧導力車模型。\n可以裝飾在羅伊德的房間中。"""
8,False,False,849,"""導力音響""","""鑲嵌著錄音結晶迴路，能用來享受音樂的娛樂用導力器。\n可以裝飾在羅伊德的房間中。"""
8,False,False,850,"""壁掛鐘""","""由著名的鐘錶工匠手工製造的布穀鳥鐘。\n可以裝飾在艾莉的房間中。"""
8,False,False,851,"""典雅花瓶""","""插有美麗紅薔薇的古董品。\n可以裝飾在艾莉的房間中。"""
8,False,False,852,"""壁掛咪西""","""能懸掛在牆上的《咪西》玩偶。\n可以裝飾在緹歐的房間中。"""
8,False,False,853,"""坐坐咪西""","""巨大的咪西擺飾，附帶鬧鈴機能。\n可以裝飾在緹歐的房間中。"""
8,False,False,854,"""伊莉雅的海報""","""《太陽之姬》的演員伊莉雅・普拉提耶的海報。\n可以裝飾在蘭迪的房間中。"""
8,False,False,855,"""飛鏢套組""","""在家裡也能玩的時尚飛鏢盤。\n可以裝飾在蘭迪的房間中。"""
8,False,False,856,"""特製苦番茄奶昔""","""特別提供給麥克道爾市長的究極苦味飲料。\n喜歡的人一喝就會上癮。"""
8,False,False,857,"""新作人偶的箱子""","""放置著羅贊貝爾克工房新作人偶的箱子。\n在收藏家之間的交易價格相當高昂。"""
8,False,False,858,"""無人住所的相關文件""","""向克洛斯貝爾市政廳借來的文件。\n在市內空房的相關記錄中，也包含著一些市政府沒有確認的部分。"""
8,False,False,859,"""ＩＢＣ貴賓卡片""","""預計發放給會員的新服務卡片。\n有了它，就可以在ＩＢＣ窗口以高匯率將耀晶石兌換成米拉。"""
9,False,False,900,"""琥耀石１００個套組""","""有１００個地之耀晶石的套組。"""
9,False,False,901,"""蒼耀石１００個套組""","""有１００個水之耀晶石的套組。"""
9,False,False,902,"""紅耀石１００個套組""","""有１００個火之耀晶石的套組。"""
9,False,False,903,"""翠耀石１００個套組""","""有１００個風之耀晶石的套組。"""
9,False,False,904,"""黑耀石５０個套組""","""有５０個時之耀晶石的套組。"""
9,False,False,905,"""金耀石５０個套組""","""有５０個空之耀晶石的套組。"""
9,False,False,906,"""銀耀石５０個套組""","""有５０個幻之耀晶石的套組。"""
9,False,False,907,"""黑耀石１００個套組""","""有１００個時之耀晶石的套組。"""
9,False,False,908,"""金耀石１００個套組""","""有１００個空之耀晶石的套組。"""
9,False,False,909,"""銀耀石１００個套組""","""有１００個幻之耀晶石的套組。"""
9,False,False,910,"""Ｕ物質""","""無法解析的未知物質。\n拿去工房將可用作改造材料。"""
9,False,False,917,"""神聖布料""","""用某種已絕種的蠶類所吐的蠶絲才能紡織出來的幻之布料。\n拿去工房將可用作改造材料。"""
9,False,True,0,,
9,False,True,0,,
9,False,True,0,,
9,False,True,0,,
9,False,True,0,,
9,False,True,0,,
9,False,False,918,"""塞姆利亞石""","""散發出宛如無數繁星光輝的塊狀礦物。\n由於過於堅硬，一般認為加工上非常困難。"""
9,False,False,919,"""Ｔ物質""","""在外國最新發現的謎之物質。\n拿去工房將可用作改造材料。"""
9,False,False,9999,""" """,""" """
