ItemType,Data,Name,Desc
None,AAAAAAAyAAAAAAAAAAAUAAAAAAAAAAAAAAAAAA==,"""移動""",""" """
None,AQASFAABAQAAAAAAAAAeAAAAAABkAAAAAAAAAA==,""" """,""" """
None,AgAAAAAyAAAAAAAAAAAAAAAAAAAAAAAAAAAAAA==,"""預約""",""" """
None,AwAAAAABAAABAAAAAAAUAAAAAAAAAAAAAAAAAA==,"""道具使用""",""" """
None,BAAAAAABAAAAAAAAAAAKAAAAAAAAAAAAAAAAAA==,""" """,""" """
None,BQAAAAMBAAAKAAIAAAAFAAoABAABAAAAAAAAAA==,"""預約""",""""""
None,BgAAAAMBAAAAAAAAAAAUAAAAAAAAAAAAAAAAAA==,""" """,""" """
None,BwASAQAFAQAAAAEAAAAZAAAAAAAAAAAAAAAAAA==,""" """,""" """
None,CAASAQABAAAAAAEAAAAAAAAAAABkAAMALAEAAA==,""" """,""" """
None,CQAAAAABAAAAAAAAAAAUAAAAAAAAAAAAAAAAAA==,""" """,""" """
None,CgASIQEEAw5kAAEAFAAPAAoAbgBkAAAACgAAAA==,"""磐岩尖刃""","""攻擊：單體・10％石化\n自大地隆起尖銳的岩石。10％機率造成「石化」狀態。"""
None,CgASIQEFAwBkAAMAFAAPAB4AbwCMAAAAAAAAAA==,"""地震波""","""攻擊：中圓\n在一定範圍內引發小型地震。"""
None,CgASIQEFAw5kAAIAGQAPACgAcAC0AAAAFAAAAA==,"""蛇妖吐息""","""攻擊：小圓・20％石化\n噴出石化的瘴氣，20％機率造成「石化」狀態。"""
None,CgASIQEMAwBkAAQAHgAPAFAAcQAsAQAAAAAAAA==,"""大地翻騰""","""攻擊：直線（指定地點）\n隆起的巨岩割裂大地，刺穿敵人。"""
None,CgASIQELAwBkAAUAGQAPAMgAcgAmAgAAAAAAAA==,"""世界之樹""","""攻擊：大圓（指定地點）\n擁有意志的大樹之根，可刺穿大範圍的敵人。"""
Empty,,,
Empty,,,
Empty,,,
Empty,,,
Empty,,,
None,CgASIQIEAwVkAAEAFAAPAAoAeABkAAAACgADAA==,"""冰封之刃""","""攻擊：單體・10％凍結\n釋放尖銳的冰之刃，10％機率造成「凍結」狀態。"""
None,CgASIQIFAwBkAAIAFAAPABQAeQCWAAAAAAAAAA==,"""碧藍露珠""","""攻擊：小圓\n將敵人封閉在水滴中，並將之引爆。"""
None,CgASIQIFAwVkAAMAGQAPAB4AegCvAAAAFAADAA==,"""冰之錘""","""攻擊：中圓・20％凍結\n從敵人的頭上落下冰柱，20％機率造成「凍結」狀態。"""
None,CgASIQIMAwBkAAMAGQAPACgAewD6AAAAAAAAAA==,"""水流轟擊""","""攻擊：直線（指定地點）\n擊出高壓水流，將敵人沖走。"""
None,CgASIQIFAwVkAAIAHgAPADwAfAAsAQAAHgADAA==,"""鑽石星塵""","""攻擊：小圓・30％凍結\n造出強烈的寒氣。30％機率造成「凍結」狀態。"""
None,CgASIQINAwBkAGQAHgAPANwAfQDCAQAAAAAAAA==,"""滅世洪水""","""攻擊：全體\n引發巨大海嘯，將全部敵人吞噬。"""
Empty,,,
Empty,,,
Empty,,,
Empty,,,
None,CgASIQMEAwZkAAEAFAAPAAoAggBpAAAACgADAA==,"""火焰箭""","""攻擊：單體・10％炎傷\n擊出猛烈燃燒的火球。10％機率造成「炎傷」狀態。"""
None,CgASIQMFAwBkAAMAGQAPABkAgwCRAAAAAAAAAA==,"""灼熱之波""","""攻擊：中圓\n用高熱覆蓋地表，將敵人燃燒殆盡。"""
None,CgASIQMEAwZkAAEAGQAPAB4AhADIAAAAHgADAA==,"""熔岩之息""","""攻擊：單體・30％炎傷\n將壓縮的熔岩炸裂，30％機率造成「炎傷」狀態。"""
None,CgASIQMFAwZkAAUAHgAPAFoAhQAsAQAAFAADAA==,"""蝶火亂舞""","""攻擊：大圓・20％炎傷\n產生無數火蝶飛舞，20％機率造成「炎傷」狀態。"""
None,CgASIQMEAwBkAAEAIwAPAIwAhgAgAwAAAAAAAA==,"""赤紅射線""","""攻擊：單體\n射下超高熱光線，將敵人燃為灰燼。"""
Empty,,,
Empty,,,
Empty,,,
Empty,,,
Empty,,,
None,CgASIQQEAwdkAAEADwAPAAoAjABfAAAACgAAAA==,"""紫電乍現""","""攻擊：單體・10％封技\n從上空落下雷電，10％機率造成「封技」狀態。"""
None,CgASIQQMAwBkAAIADwAPABQAjQCCAAAAAAAAAA==,"""風之鐮""","""攻擊：直線（指定地點）\n製造真空鐮擊，切裂敵人。"""
None,CgASIQQLAwBkAAMAFAAPAB4AjgCvAAAAAAAAAA==,"""風之領域""","""攻擊：中圓（指定地點）\n捲起帶有石塊的猛烈龍捲風。"""
None,CgASIQQFAwdkAAIAFAAPADIAjwDwAAAAHgAAAA==,"""閃電光束""","""攻擊：小圓・30％封技\n操控天氣，落下蒼藍的閃電，30％機率造成「封技」狀態。"""
None,CgASIQQLAwdkAAUAGQAPALQAkAD0AQAAFAAAAA==,"""雷光龍卷""","""攻擊：大圓（指定地點）・封技20％\n產生帶有雷光的巨大龍捲風。20％機率造成「封技」狀態。 """
Empty,,,
Empty,,,
Empty,,,
Empty,,,
Empty,,,
None,CgASIQUEAw1kAAEADwAPAAoAlgBzAAAACgAAAA==,"""心靈之霞""","""攻擊：單體・10％昏厥\n釋放出震動時空的波動，10％機率造成「昏厥」狀態。"""
None,CgASIQUFAw9kAAMAFAAPADwAlwDhAAAACgAAAA==,"""致命螺旋""","""攻擊：中圓・10％無法戰鬥\n煉獄之魔爪將敵人撕至四分五裂，10％機率造成「無法戰鬥」狀態。"""
None,CgASIQUFAxlkAAUAGQAPAIwAmACQAQAAZAAFAA==,"""暗影偽典""","""攻擊：大圓・HP吸收\n召喚漆黑的魔劍，將造成傷害值的5％轉化為自身的HP。"""
Empty,,,
Empty,,,
Empty,,,
Empty,,,
Empty,,,
Empty,,,
Empty,,,
None,CgASIQYLAy5kAAUAGQAPADwAoADIAAAA/v8DAA==,"""黑暗物質""","""攻擊：大圓（指定地點）・吸引・MOV-2\n利用高壓空間壓迫敵人的軀體，並向中心吸扯。"""
Empty,,,
None,CgASIQYMAwBkAAMAIwAPANwAogC8AgAAAAAAAA==,"""終末災禍""","""攻擊：直線（指定地點）\n放射出冷酷無情的閃光，使敵人與空間一同崩壞。"""
Empty,,,
Empty,,,
Empty,,,
Empty,,,
Empty,,,
Empty,,,
Empty,,,
None,CgASIQcEAwtkAAEAGQAPAB4AqgDIAAAACgADAA==,"""混沌利刃""","""攻擊：單體・10％混亂\n以擾亂認知能力的銀之刃貫穿敵人，10％機率造成「混亂」狀態。"""
None,CgASIQcFAwlkAAUAHgAPAGQAqwD6AAAAZAAFAA==,"""虛幻之塔""","""攻擊：大圓・100％黑暗\n從幻影之塔上降下光之箭，100％機率造成「黑暗」狀態。"""
None,CgASIQcNAwBkAGQAHgAPAPoArAD0AQAAAAAAAA==,"""天國之門""","""攻擊：全體\n開啟天國之門，以制裁之光將魔物清掃一空。"""
Empty,,,
Empty,,,
Empty,,,
Empty,,,
Empty,,,
Empty,,,
Empty,,,
None,CgDCIQEENABkAAEACgAZAAoAHgAKAAUAAAAAAA==,"""大地之癒""","""回復：單體・一定回合內回復HP\n獲得地之力提高自我療癒能力。一定回合內回復HP。"""
None,CgDCIQEEKQBkAAEACgAZAAoAHwAZAAMAAAAAAA==,"""結晶防護""","""輔助：單體・DEF+25％\n獲得大地守護。一定回合內DEF+25％。"""
None,CgDCIQEFKQBkAAMADAAZAB4AIAAZAAMAAAAAAA==,"""結晶防護・複""","""輔助：中圓・DEF+25％\n給予範圍內夥伴大地守護。一定回合內DEF+25％。"""
None,CgDCIQEFOQBkAAIADwAZAFAAIQAAAAEAAAAAAA==,"""剛石守護""","""輔助：小圓・物理完全防禦\n展開金剛石結界，完全防禦一次物理攻擊。"""
Empty,,,
Empty,,,
Empty,,,
Empty,,,
None,CgDCIQMEKABkAAEACgAZAAoAKAAZAAMAAAAAAA==,"""強音之力""","""輔助：單體・STR+25％\n得到來自火焰的守護，一定回合內STR+25％。"""
None,CgDCIQMFKABkAAMADAAZAB4AKQAZAAMAAAAAAA==,"""強音之力・複""","""輔助：中圓・STR+25％\n給予範圍內夥伴火焰守護，一定回合內STR+25％。"""
None,CgDCIQMFNQBkAAMADwAZACgAKgAFAAUAAAAAAA==,"""振奮之激""","""回復：中圓・一定回合內CP上昇\n激起範圍內夥伴的鬥志。一定回合內CP自動上昇。"""
Empty,,,
Empty,,,
Empty,,,
Empty,,,
Empty,,,
None,CgDDIQQFGwBkAAIACgAUAB4ADwAgAwAAAAAAAA==,"""生命之息""","""回復：小圓・HP中回復\n以滌淨生命的氣息之力中幅回復範圍內夥伴的HP。"""
None,CgDDIQQFGwBkAAUADAAUADwAEAC4CwAAAAAAAA==,"""聖靈之息""","""回復：大圓・HP大回復\n以滌淨生命的神聖氣息之力大幅回復範圍內夥伴的HP。"""
None,CgDCIQQFLgBkAAMADAAUABQALQAEAAMAAAAAAA==,"""風之穿梭""","""輔助：中圓・MOV+4\n以風精靈之力使移動距離飛躍提昇。一定回合內MOV+4。"""
None,CgDCIQQFLwBkAAUADAAUACgALgAAAAAAAAAAAA==,"""大治癒術""","""回復：大圓・解除「所有異常狀態」\n解除範圍內我方「無法戰鬥」外的異常狀態。"""
None,CgASIQQNCgBkAGQADwAUADIALwAyAAUAAAAAAA==,"""魅惑妖歌""","""妨礙：全體・50％睡眠\n響起精靈之歌，將敵人誘入深度睡眠，50％機率造成「睡眠」狀態。"""
Empty,,,
Empty,,,
Empty,,,
None,CgASIQUFLABkAAMACgAZAAoAMgDn/wMAAAAAAA==,"""時間減速""","""妨礙：中圓・SPD-25％\n減慢範圍內的時間流動。一定回合內SPD-25％。"""
None,CgDCIQUFLABkAAMACgAZABQAMgAZAAMAAAAAAA==,"""時間驅動""","""輔助：中圓・SPD+25％\n加快範圍內的時間流動。一定回合內SPD+25％。"""
None,CgASIQUFLC5kAAUADwAZADwAMgDO/wMA/f8DAA==,"""災難之爪""","""妨礙：大圓・MOV-3・SPD-50％\n以煉獄魔爪橫掃敵人腿部。一定回合內MOV-3・SPD-50％。"""
Empty,,,
Empty,,,
Empty,,,
Empty,,,
Empty,,,
None,CgDCIQYFKitkAAUADAAZAB4APQAZAAMAGQADAA==,"""魔導祝福""","""輔助：大圓・ATS/ADF+25％\n給予範圍內夥伴祝福。一定回合內ATS/ADF+25％。"""
None,CgDCIQYEOwBkAAMADAAZACgAPgAAAAEAAAAAAA==,"""A-反射屏障""","""輔助：單體・魔法反射\n展開能反射一次導力魔法的魔導屏障。"""
None,CgDjIQYFMgBkAAUADwAZAPAAEgAgTgAAAAAAAA==,"""聖靈復甦""","""回復：大圓・解除「無法戰鬥」・完全回復HP\n解除範圍內我方的「無法戰鬥」，並完全回復HP。"""
None,CgDCIQYNMABkAGQADwAZAAoAPAAAAAAAAAAAAA==,"""聖潔方舟""","""回復：全體・解除「能力降低」\n回復我方全體降低的能力值到正常值。"""
Empty,,,
Empty,,,
Empty,,,
Empty,,,
None,CgDCIQcEKClkAAEADAAZAB4ARgAZAAMAGQADAA==,"""神聖祝福""","""輔助：單體・STR/DEF+25％\n強化１名我方攻防能力。一定回合內STR/DEF+25％。"""
None,CgDCIQcEOABkAAEADAAZACgARgAAAAIAAAAAAA==,"""虛空幻域""","""輔助：單體・匿蹤\n折射光線借以藏身。一定回合內維持「匿蹤」狀態。"""
None,CgASIQcFTQBkAAUADwAZADIARgAAAAAAAAAAAA==,"""狂亂之月""","""妨礙：大圓・等級低於術者混亂100％\n讓對方見到月之幻影，能確實使技不如己的敵人陷入「混亂」狀態。"""
Empty,,,
Empty,,,
Empty,,,
Empty,,,
Empty,,,
None,CgDDIQIEGyBkAAEAAwAUAAoACgD0AQIAAAAAAA==,"""回復術""","""回復：單體・HP小回復・解除「炎傷」\n以治癒生命的水之力小幅回復１名夥伴的HP。"""
None,CgDDIQIEGyBkAAEABAAUAB4ACwDcBQIAAAAAAA==,"""中回復術""","""回復：單體・HP中回復・解除「炎傷」\n以治癒生命的水之力中幅回復１名夥伴的HP。"""
None,CgDDIQIEGyBkAAEABgAUADwADACIEwIAAAAAAA==,"""大回復術""","""回復：單體・HP大回復・解除「炎傷」\n以治癒生命的水之力大幅回復１名夥伴的HP。"""
None,CgDCIQIFLQBkAAMADAAUACgAGAAyAAMAAAAAAA==,"""幻影水壁""","""輔助：中圓・迴避率+50％\n凭借水之防壁迴避敵人攻擊。一定回合內迴避率+50％。"""
None,CgASIQIFCABkAAMACgAUAAoAGQBkAAUAAAAAAA==,"""鈷藍之珠""","""妨礙：中圓・封魔100％\n一定回合內封印敵方魔法。"""
None,CgDjIQIEMgBkAAEACgAUAFAADgDQBwAAAAAAAA==,"""聖靈術""","""回復：單體・解除「無法戰鬥」・HP中回復\n解除１名夥伴的「無法戰鬥」狀態，並中幅回復HP。"""
None,CgDjIQIEMgBkAAEABQAUAB4ADQD0AQAAAAAAAA==,"""復活術""","""回復：單體・解除「無法戰鬥」・HP小回復\n解除１名夥伴的「無法戰鬥」，並小幅回復HP。"""
Empty,,,
Empty,,,
Empty,,,
Empty,,,
Empty,,,
None,CgASBAAGUAAGAAUAAgAiAAAAAABkAAAAAAAAAA==,""" """,""" """
Repeat,,,
Repeat,,,
None,kQASAAACAQAAAAAAAAAAAAAAAQAAAAAAAAAAAA==,""" """,""" """
Repeat,,,
Repeat,,,
None,kgASAAAyAAAAAAEAAAAeAAAAAAAAAAAA/wAAAA==,"""分裂""","""分裂為兩隻，HP各為原體的1/2。"""
None,kwASAAAyAAAAAAEAAAAeAAAAAAAAAAAA/wAAAA==,"""呼叫同伴""",""" """
None,CAASAQABEA8AAAEAAAAAAAAAAABkAAMALAEAAA==,""" """,""" """
None,AAAAAAABAQAAAAAAAAAoAAAAAAABAAAAAAAAAA==,""" """,""" """
None,BwASAAAPAQAAAAIAAAAjABQAFABkAAAAAAAAAA==,"""加速連擊""","""攻擊戰技：小圓（指定地點）\n以帶有衝擊波的旋棍發動連續攻擊。"""
None,BwASAAABAVMBAAEAAAAeAB4AFQBfAAAAZAAUAA==,"""電擊崩解""","""攻擊戰技：單體・解除技能/魔法驅動・昏厥20％\n發動強烈的電擊，解除驅動中的技能與魔法。"""
None,BwDCAQAOKAAAAAUAAAAZAB4AFgAZAAMAAAAAAA==,"""鼓舞""","""輔助戰技：大圓・STR+25％\n熱烈鼓舞我方，提高士氣。一定回合內STR+25％。"""
None,BwASAAAMAQdkAAMAAAAjABQAFwBkAAAASwAFAA==,"""勇猛碎擊""","""攻擊戰技：直線（指定地點）・封技75％\n集中對單點攻擊，帶有鬥氣的突破技。75％機率造成「封技」狀態。"""
None,BwDCAAAEVQAAAAAAAAAAACgAGAAyAAUAAAAAAA==,"""燃燒之心""","""輔助戰技：自身・STR/DEF/SPD+50％・防止「所有異常狀態」\n凭借炎之鬥志獲得超越極限的力量，但一定回合後會陷入「昏厥」狀態。"""
None,BwASAAABAQAFAAMAAAAjABQAFAB4AAAAAAAAAA==,"""３點爆擊""","""攻擊戰技：單體\n將精神凝聚集中，發動精准無比的三連射。"""
Repeat,,,
Repeat,,,
Repeat,,,
Repeat,,,
Repeat,,,
None,BwDCAQALGx0FAAIAAAAjACgAFQD6ABQAFAAAAA==,"""神聖子彈""","""回復戰技：小圓（指定地點）・HP小回復・CP+20\n將神聖祝福加諸於子彈中，回復範圍內我方的HP與CP。"""
None,BwASAAABARIEAAEAAAAeAB4AFgBkAAAAZAAAAA==,"""狂野天鵝""","""攻擊戰技：單體・解除驅動中的戰技/魔法\n使用兩把手槍與踢擊發動連續進攻，解除驅動中的戰技和魔法。"""
None,BwASAAAPAQAAAAYAAAAjACgAFwBkAAAAAAAAAA==,"""幻影十字""","""攻擊戰技：大圓（指定地點）\n踏入前線，放射出犀利子彈的槍擊。"""
None,BwCCAQACNgAFAAIAAAAyAB4AGAAAAAAAAAAAAA==,"""魔擊鐘聲""","""輔助戰技：小圓・加速\n將掌管時間法則的結界具現化並加以破壞，加速行動順序。"""
None,BwASAQABT1FkAAEAAAAZABQAFADn/wMAAAAAAA==,"""情報解析""","""輔助戰技：單體・DEF/ADF-25％\n找出敵方要害，使其弱化。一定回合內DEF/ADF-25％。"""
Repeat,,,
Repeat,,,
Repeat,,,
Repeat,,,
Repeat,,,
None,BwASAAACAwADAAMAAAAjAB4AFQBkAAAAAAAAAA==,"""光束斬劍""","""攻擊戰技：中圓\n於魔導杖前端展開光刃，掃蕩敵人。"""
None,BwDCAQAEAAAAAAAAAAAeAB4AFgAAAAAAAAAAAA==,"""賽特召喚""","""輔助戰技：召喚輔助成員「賽特」\n透過魔導杖傳送意念，呼喚賽特。"""
None,BwDCAQACGzEFAAMAAAAeACgAFwCEAwgAAAAAAA==,"""能量之環""","""回復戰技：中圓・HP中回復・解除「所有異常狀態・能力降低」\n展開能解除身體異狀的回復防壁。"""
None,BwASAAALAwUIAAIAAAAjADIAGADIAAAAZAADAA==,"""絕對零度""","""攻擊戰技：小圓（指定地點）凍結100％\n自變形的魔導杖所施放的絕對零度魔法彈。"""
None,BwASAAACAREBAAIAAAAjABQAFABkAAAAKAAAAA==,"""全力一擊""","""攻擊戰技：小圓・延遲\n振臂砍下的全力一擊，可延遲敵方行動順序。"""
Repeat,,,
Repeat,,,
Repeat,,,
Repeat,,,
Repeat,,,
None,BwASAAADAQYMAAIAAAAeAB4AFQBkAAAAUAADAA==,"""炎龍衝擊""","""攻擊戰技：直線（貫穿）・炎傷80％\n外型如龍一般的火焰衝擊波。"""
None,BwASAAALAQkFAAUAAAAoAB4AFgBLAAAAZAAFAA==,"""閃光彈""","""攻擊戰技：大圓（指定地點）黑暗100％\n投擲閃光手榴彈，100％陷入「黑暗」狀態。"""
None,BwDCAQAENwAAAAAAAAAZAAAAFwAeADwAAAAAAA==,"""戰嚎""","""輔助戰技：自身・CP+60・損傷值為最大HP的30％\n以戰嚎引發出鬥氣，將體力轉化為CP。"""
None,BwASAAARAQ9kAAMAAAAZAB4AGACCAAAAPAAAAA==,"""死亡風暴""","""攻擊戰技：直線（指定地點）・無法戰鬥60％\n自由馳騁於戰場，以如惡鬼般的氣勢蹂躪敵方。"""
None,BwASAAABASwBAAEAAAAeABQAFABkAAAAzv8DAA==,"""幻影衝擊""","""攻擊戰技：單體・SPD-50％\n凭借高速連擊阻礙敵方行動。一定回合內SPD-50％。"""
Repeat,,,
Repeat,,,
Repeat,,,
Repeat,,,
Repeat,,,
None,BwASAAAPAQAAAAIAAAAeABQAFQBkAAAAAAAAAA==,"""旋風踢""","""攻擊戰技：小圓（指定地點）\n凭借體重施力發動的迴旋踢擊。"""
None,BwASAAAEARIKAAEAAAAeABQAFgBkAAAAZAAAAA==,"""三聖之卡""","""攻擊戰技：單體・解除技能/魔法驅動\n華麗地射出神秘卡片，解除驅動中的技能與魔法。"""
None,BwASAAAFAQAKAAIAAAAUABQAFABQAAAAAAAAAA==,"""龍爪斬""","""攻擊戰技：小圓\n用鉤爪將敵人拉至面前，近身之後用大劍橫掃。"""
Repeat,,,
Repeat,,,
Repeat,,,
Repeat,,,
Repeat,,,
Repeat,,,
Repeat,,,
None,BwASAAABAQ8FAAIAAAAUABQAFQBkAAAAWgAAAA==,"""爆雷符""","""攻擊戰技：單體・無法戰鬥90％\n擲出貼有引爆符的苦無。90％機率造成「無法戰鬥」狀態。"""
None,BwDCAQAEKCwAAAEAAAAUABQAFgAyAAMAMgADAA==,"""麒麟功""","""輔助戰技：自身・STR/SPD+50％\n瞬間提煉體內之氣，一定回合內提升STR和SPD。"""
None,BwASAAADAQBkAAQAAAAUABQAFwBkAAAAAAAAAA==,"""崩月輪""","""攻擊戰技：直線（貫穿）\n擲出迴旋大劍，將眼前的敵人一掃而空。"""
None,BwDCAQAOKAAAAAUAAAAUABQAFAAZAAMAAAAAAA==,"""鼓勵""","""輔助戰技：大圓・STR+25％\n以洪亮聲音鼓勵夥伴。一定回合內STR+25％。"""
Repeat,,,
Repeat,,,
Repeat,,,
Repeat,,,
Repeat,,,
Repeat,,,
None,BwASAAADAQBkAAIAAAAYABQAFQBkAAAAAAAAAA==,"""極・捻絲棍""","""攻擊戰技：直線（貫穿）\n以棍棒發出衝擊波攻擊，貫穿敵人持續向前。"""
None,BwASAAAPAQAAAAMAAAAWAB4AFgBfAAAAAAAAAA==,"""極・旋風輪""","""攻擊戰技：中圓（指定地點）\n高速旋轉棍棒，將遭捲入的敵人化為塵土。"""
None,BwASAAACARICAAMAAAAWABkAFwBkAAAAZAAAAA==,"""極・金剛擊""","""攻擊戰技：中圓・解除技能/魔法驅動\n貫穿要害的無雙一擊，解除驅動中的技能與魔法。"""
None,BwASAAABAQABAAEAAAAeABQAGAB4AAAAAAAAAA==,"""百烈擊""","""攻擊戰技：單體\n以壓倒性連打擊飛敵人的大師招式。"""
None,BwASAAABAQABAAEAAAAZABQAFABfAAAAAAAAAA==,"""極・雙連擊""","""攻擊戰技：單體・攻擊２次\n以雙劍發動劈裂蒼空的２次連續劍擊。"""
Repeat,,,
Repeat,,,
Repeat,,,
Repeat,,,
Repeat,,,
None,BwASAAADARFkAAEAAAAeAB4AFQBkAAAAHgAAAA==,"""極・絕影""","""攻擊戰技：直線（貫穿）・延遲\n以肉眼無法看清的速度劈斬敵人，延遲行動順序。"""
None,BwASAAABAQ8BAAEAAAAZABQAFgBkAAAAFAAAAA==,"""極・朧""","""攻擊戰技：單體・無法戰鬥20％\n凭借洗练拔刀術施展的一擊。20％機率造成「無法戰鬥」狀態。"""
None,BwASAAAFAREIAAMAAAAjACgAFwBkAAAAMgAAAA==,"""極・魔眼""","""攻擊戰技：中圓・延遲\n以黃金之瞳凝視敵人，延遲行動順序。"""
None,BwASAAAOAQAAAAYAAAAZAB4AGABkAAAAAAAAAA==,"""雷光擊""","""攻擊戰技：大圓\n對敵方集團施以有如暴風雨般的連續攻擊，高手境界的武技。"""
None,BwASAAACAQoFAAMAAAAeABQAFABkAAAASwAFAA==,"""Ｓ榴彈""","""攻擊戰技：中圓・睡眠75％\n以榴彈發射器擊發強力的催眠瓦斯彈。"""
Repeat,,,
Repeat,,,
Repeat,,,
Repeat,,,
Repeat,,,
None,BwASAAABAREFAAEAAAAeABQAFQBuAAAAHgAAAA==,"""奇襲連擊""","""攻擊戰技：單體・延遲\n以幾乎要將子彈射盡的多發連射延遲行動順序。"""
None,BwASAAACAS4FAAMAAAAeABQAFgBkAAAA+/8DAA==,"""電磁網""","""攻擊戰技：中圓・MOV-5\n射出捕捉兇惡犯罪者用的高壓電流網。"""
None,BwASAAALASkFAAMAAAAeABQAFAB4AAAA5/8DAA==,"""散彈槍""","""攻擊戰技：中圓（指定地點）・DEF-25％\n凭借強力散彈槍擊破敵方裝甲。"""
Repeat,,,
Repeat,,,
Repeat,,,
Repeat,,,
Repeat,,,
Repeat,,,
Repeat,,,
None,BwCCAQABQh0BAAEAAAAeAB4AFQAeAAAAKAAAAA==,"""愛之鐵拳""","""回復戰技：單體・HP30％回復・CP+40\n以嚴厲又洋溢愛情的鐵拳激勵夥伴。"""
None,BwASAAACARECAAMAAAAeAB4AFgB4AAAAHgAAAA==,"""勝利衝鋒""","""攻擊戰技：中圓・延遲\n凭借身經百戰的強悍肉體發動撞擊，能延遲行動順序。"""
None,BwASAAABAQ8IAAEAAAAeACgAFwCWAAAAZAAAAA==,"""審判子彈""","""攻擊戰技：單體・100％無法戰鬥\n發射在城市內禁止使用的超威力強化彈。"""
None,BwCCAQAOKCwAAAcAAAAeABQAGAAZAAMAGQADAA==,"""號令""","""輔助戰技：大圓・STR/SPD+25％\n發出激起鬥志的號令，提升範圍內夥伴的STR和SPD。"""
None,CAASAQAEAQdkAAEAAAAjAGQAAQDmAAAAZAAFAA==,"""猛虎衝鋒""","""攻擊Ｓ戰技：單體・100％封技\n用怒濤般的連續攻擊壓倒敵人，如猛虎般的突擊技。"""
Repeat,,,
Repeat,,,
Repeat,,,
Repeat,,,
Repeat,,,
None,CAASAQAFAQBkAAQAAAAjAGQAAgBAAQAAAAAAAA==,"""旭日東昇""","""攻擊Ｓ戰技：中圓\n將擊到上空的敵人卷入到連打的漩渦之中，如飛升之龍般的絕技。"""
None,CADiAQAFUgBkAAgAAAAjAGQAAQAyAGQAAAAAAA==,"""極光之雨""","""回復Ｓ戰技：大圓・解除「無法戰鬥」・HP50％回復\n降下療癒之雨回復範圍內我方的HP。CP最大時可完全回復。"""
Repeat,,,
Repeat,,,
Repeat,,,
None,CAASAQAFAwBkAAQAAAAjAGQAAgBeAQAAAAAAAA==,"""大氣加農""","""攻擊Ｓ戰技：中圓\n吸收大氣中滿溢的能源所擊發的高密度光彈。"""
None,CAASAQADAwBkAAYAAAAjAGQAAQBeAQAAAAAAAA==,"""乙太爆裂射""","""攻擊Ｓ戰技：直線（貫穿）\n凭借變形魔導杖射出的無比強力雷射光線。"""
Repeat,,,
Repeat,,,
Repeat,,,
None,CADCAQANPABkAGQAAAAjAGQAAgABAAIAAAAAAA==,"""虛無領域""","""輔助Ｓ戰技：全體・完全防禦\n展開絕對障壁，完全防禦１次（CP最大時為２次）。"""
None,CAASAQAFAQYAAAQAAAAjAGQAAQDIAAAAZAADAA==,"""赤炎颶風""","""攻擊Ｓ戰技：中圓・炎傷100％\n纏繞鬥氣火焰的全力掃蕩攻擊。"""
Repeat,,,
Repeat,,,
Repeat,,,
None,CAASAQAFAQAAAAUAAAAjAGQAAgAsAQAAAAAAAA==,"""死亡天蠍""","""攻擊Ｓ戰技：大圓\n沸騰著鬥神之血，將敵人無情殲滅，殘暴的衝刺攻擊。"""
None,CAASAQAEAQBkAAEAAAAjAGQAAQAYAQAAAAAAAA==,"""致命天堂""","""攻擊Ｓ戰技：單體\n以追擊之勢發動高速多段踢擊。"""
Repeat,,,
Repeat,,,
Repeat,,,
None,CAASAQANAQBkAGQAAAAjAGQAAQAiAQAAAAAAAA==,"""幻月之舞""","""攻擊Ｓ戰技：全體\n以月之幻影及鉤爪擄獲獵物，再凭借大劍一擊將之葬送的暗殺術。"""
Repeat,,,
Repeat,,,
Repeat,,,
Repeat,,,
None,CAASAQAFAQBkAAQAAAAjAGQAAQBAAQAAAAAAAA==,"""鳳凰烈波""","""攻擊Ｓ戰技：中圓\n纏繞如不死鳥般的鬥氣，具備傲人破壞力的旋轉攻擊。"""
Repeat,,,
Repeat,,,
Repeat,,,
Repeat,,,
None,CAASAQANAQBkAAEAAAAoAGQAAQAsAQAAAAAAAA==,"""真・幻影奇襲""","""攻擊Ｓ戰技：全體\n以造出殘像的幻影接連掃蕩敵人，匿蹤招式之極致。"""
Repeat,,,
Repeat,,,
Repeat,,,
Repeat,,,
None,CAASAQAFAQBkAAMAAAAjAGQAAQAYAQAAAAAAAA==,"""爆擊風暴""","""攻擊Ｓ戰技：中圓\n接連以重兵器發動攻擊，使敵人置身刻不容緩的密集砲火之中。"""
Repeat,,,
Repeat,,,
Repeat,,,
Repeat,,,
None,CAASAQAFAQBkAAIAAAAjAGQAAQAsAQAAAAAAAA==,"""正義鐵拳""","""攻擊Ｓ戰技：小圓\n引爆已達極限的對「惡」之怒火，發動正義鐵拳制裁。"""
Repeat,,,
Repeat,,,
Repeat,,,
Repeat,,,
None,BACCAQANKB1kAGQAAAAAAAAADwAZAAMAHgAAAA==,"""激勵之心""","""支援戰技：輔助・全體・STR+25％・CP+30\n以熱情的聲援將夥伴的靈魂激勵點燃，提升STR和CP。"""
Repeat,,,
Repeat,,,
Repeat,,,
Repeat,,,
None,BACCAQAFQilkAAMAAAAAAAAADwAcAAAAGQADAA==,"""聖祭子彈""","""支援戰技：回復・中圓・HP28％回復・DEF+25％\n射出能同時回復體力並增幅耐力的特殊子彈。"""
Repeat,,,
Repeat,,,
None,BACCAQAFNDlkAAMAAAAAAAAADwAKAAUAZAABAA==,"""Ｃ・導力防護""","""支援戰技：輔助・中圓・一定回合內回復HP・物理完全防禦\n同時展開導力障壁及提昇自我治癒力的防壁。"""
Repeat,,,
Repeat,,,
None,BAASAAAFAQZkAAMAAAAAAAAADwCWAAAAZAADAA==,"""炎燒裂斬""","""支援戰技：攻擊・中圓・100％炎傷\n將高熱的衝擊斧槍猛烈擊向敵陣的奇襲攻擊。"""
Repeat,,,
Repeat,,,
None,BACCAQAFLDZkAAMAAAAAAAAADwAyAAMAAAAAAA==,"""抽鬼牌""","""支援戰技：輔助・中圓・SPD+50％・加速\n投擲神秘卡片，破壞司掌時間法則的結界。"""
Repeat,,,
Repeat,,,
None,BAASAAAFAQ9kAAMAAAAAAAAADwB4AAAAMgAAAA==,"""鬼針""","""支援戰技：攻擊・中圓・50％無法戰鬥\n向敵人投擲無數淬有致命性劇毒的苦無。"""
Repeat,,,
Repeat,,,
None,BACCAQANKR1kAGQAAAAAAAAADwAZAAMAHgAAAA==,"""希望聲援""","""支援戰技：輔助・全體・DEF+25％・CP+30\n以洪亮聲援鼓舞夥伴，提昇DEF與CP。"""
Repeat,,,
Repeat,,,
None,BAASAAANARFkAGQAAAAAAAAADwBuAAAAGQAAAA==,"""空牙絕影""","""支援戰技：攻擊・全體・延遲\n對密集的敵方發動疾風斬擊，延遲行動順序。"""
Repeat,,,
Repeat,,,
None,BAASAAAFASxkAAMAAAAAAAAADwB4AAAAzv8DAA==,"""電磁網β""","""支援戰技：攻擊・中圓・SPD-50％\n發射特殊的電磁網，大幅延遲敵方行動。"""
Repeat,,,
Repeat,,,
None,BACCAQANKCxkAGQAAAAAAAAADwAyAAUAMgAFAA==,"""大轟令""","""支援戰技：輔助・全體・STR/SPD+50％\n施發威嚴無比的號令，大幅提昇我方士氣。"""
Repeat,,,
Repeat,,,
None,BAASAQAFAQAGAAYAAAAeAGQABQBeAQAAAAAAAA==,"""星辰爆擊""","""組合戰技（羅伊德・艾莉）：大圓・攻擊\n射出雷光子彈，並同時發動電光石火的衝刺突擊招式。"""
Repeat,,,
Repeat,,,
None,BAASAQAFAQAHAAQAAAAeAGQABgDCAQAAAAAAAA==,"""Ω強襲""","""組合戰技（羅伊德・緹歐）：中圓・攻擊\n凭借結界封印敵方行動後再發動突擊將之擊倒。"""
None,BAASAQAFAQAEAAMAAAAeAGQABwAmAgAAAAAAAA==,"""燎原之怒""","""組合戰技（羅伊德・蘭迪）：中圓・攻擊\n雙方聯手夾擊敵人並同時發動刻不容緩的連擊。"""
None,BAASAQAFAwVkAAYAAAAeAGQABQBeAQAAMgADAA==,"""酷寒煉獄""","""組合戰技（緹歐・艾莉）：大圓・攻擊・凍結50％\n凭借導力力場所生成的特殊子彈施放絕對零度的光線。"""
None,BAASAQAFAQAGAAUAAAAeAGQABgCQAQAAAAAAAA==,"""暴動星雨""","""組合戰技（艾莉・蘭迪）：大圓・攻擊\n凭借槍擊阻礙敵方行動，再以斧槍一擊葬送，如流星般迅速的聯手招式。"""
None,BAASAQAFAQAEAAYAAAAeAGQABwCQAQAAAAAAAA==,"""旋鉤風暴""","""組合戰技（蘭迪・緹歐）：大圓・攻擊\n凭借時間差增幅傷害並將之引爆，無法迴避的奇襲殺法。"""
None,BAASAQAFAQAHAAcAAAAeAGQABQBYAgAAAAAAAA==,"""太極無雙擊""","""組合戰技（艾絲蒂爾・約書亞）：大圓・攻擊\n棍術與劍術必須完全同步才能施展出的聯手奧義。"""
None,BAASAQAFAQAIAAcAAAAeAGQABQD0AQAAAAAAAA==,"""星辰爆擊Ⅱ""","""組合戰技（羅伊德・艾莉）：大圓・攻擊\n射出貫穿力增強的雷光子彈，並同時發動突擊造成強烈的衝擊傷害。"""
Repeat,,,
Repeat,,,
Repeat,,,
None,BAASAQAFAQAJAAUAAAAeAGQABgBYAgAAAAAAAA==,"""Ω強襲Ⅱ""","""組合戰技（羅伊德・緹歐）：大圓・攻擊\n凭借更加強力的結界進行封印，使敵方灰飛煙滅。"""
None,BAASAQAFAQAGAAQAAAAeAGQABwC8AgAAAAAAAA==,"""燎原之怒Ⅱ""","""組合戰技（羅伊德・蘭迪）：中圓・攻擊\n雙方聯手夾擊，並同時發動刻不容緩的連擊將之徹底擊潰。"""
StrStart,,,
Repeat,,,
Repeat,,,
Repeat,,,
Repeat,,,
Repeat,,,
Repeat,,,
