Id,Data,Name
0,AABwAAEAcAAAAAAwAAAAAA==,"""羅伊德"""
1,AAFwAAEBcAAAAQAwAAAAAA==,"""艾莉"""
2,AAJwAAECcAAAAgAwAAAAAA==,"""緹歐"""
3,AANwAAEDcAAAAwAwAAAAAA==,"""蘭迪"""
4,ADBwAAEwcAAABAAwAAAAAA==,"""瓦奇"""
5,AAVwAAEFcAAABQAwAAAAAA==,"""銀"""
6,ECdwAFEncAAAJwAwAAAAAA==,"""神狼賽特"""
7,ACRwAAEkcAAAJAAwAAAAAA==,"""亞里歐斯"""
8,AClwAAEpcAAACAAwAAAAAA==,"""諾艾兒上士"""
9,AAlwAAEJcAAACQAwAAAAAA==,"""達德利搜查官"""
10,AEFwAAFBcAAAQQAwAAAAAA==,"""加爾西亞"""
11,ACRwAAAkcAAAAAAAAAAAAA==,""" """
12,AAAAAAAAAAAAAAAAAAAAAA==,""" """
13,AAAAAAAAAAAAAAAAAAAAAA==,""" """
14,AAAAAAAAAAAAAAAAAAAAAA==,""" """
15,UAKWAFAClgAAAAYwAAAAAA==,"""※魔獸"""
31,ADFwAAExcAAAMQAwAAAAAA==,"""瓦奇"""
32,ADJwAAEycAAAMgAwAAAAAA==,"""莉夏"""
51,AFFwAABRcAAAAAAAAAAAAA==,"""伊莉雅"""
52,AFJwAABScAAAAAAAAAAAAA==,"""莉夏"""
53,AFNwAABTcAAAAAAAAAAAAA==,"""賽西兒"""
61,AGFwAABhcAAAYQAwAAAAAA==,"""約納"""
75,AHVwAAB1cAAAAAAAAAAAAA==,"""賽西兒"""
82,AIJwAAGCcAAAggAwAAAAAA==,"""琪雅"""
83,ABGFAAARhQAAggAwAAAAAA==,"""琪雅"""
85,AIVwAACFcAAAAAAAAAAAAA==,"""芙蘭"""
96,AFBxAABQcQAAAAAwAAAAAA==,"""羅伊德"""
97,AFNxAABTcQAAAwAwAAAAAA==,"""蘭迪"""
98,AFRxAABUcQAABAAwAAAAAA==,"""瓦奇"""
101,AAFxAAABcQAAAAAAAAAAAA==,"""修莉"""
118,ABhxAAAYcQAAGAEwAAAAAA==,"""阿爾伯特大公"""
140,AEBxAABAcQAAQAEwAAAAAA==,"""莉絲修女"""
160,AAJzAAACcwAAAgMwAAAAAA==,"""雷蒙德"""
161,AFB0AABQdAAAAAAAAAAAAA==,"""星"""
162,ADRwAAA0cAAAAAAAAAAAAA==,"""謝莉"""
164,ABGFAAARhQAAAAAAAAAAAA==,"""琪雅"""
999,AAAAAAAAAAAAAAAAAAAAAA==,""" """
